{"v":"5.7.4","fr":60,"ip":0,"op":239,"w":1700,"h":1000,"nm":"render comp","ddd":0,"assets":[],"layers":[{"ddd":0,"ind":1,"ty":4,"nm":"Layer 15 Outlines","sr":1,"ks":{"o":{"a":0,"k":100,"ix":11},"r":{"a":0,"k":0,"ix":10},"p":{"a":0,"k":[891.316,662.959,0],"ix":2,"l":2},"a":{"a":0,"k":[261.821,261.896,0],"ix":1,"l":2},"s":{"a":0,"k":[100,100,100],"ix":6,"l":2}},"ao":0,"shapes":[{"ty":"gr","it":[{"ind":0,"ty":"sh","ix":1,"ks":{"a":0,"k":{"i":[[4.89,8.883],[0.15,0.148],[11.55,16.729],[11.85,17.469],[16.434,24.131],[16.285,23.687],[13.324,19.542],[7.551,11.104],[0.74,1.184],[0.888,1.332],[41.454,0],[0,-68.398],[-31.534,-22.503],[0,0],[0,-0.148],[-0.592,-0.444],[-7.254,-5.034],[-18.358,-12.584],[-24.427,-16.877],[-25.76,-17.617],[-22.207,-15.249],[-14.955,-10.215],[-11.99,0],[0,25.02]],"o":[[-0.15,-0.148],[-9.92,-17.766],[-12.14,-17.47],[-16.432,-24.132],[-16.285,-23.836],[-13.325,-19.543],[-7.551,-11.104],[-0.74,-1.184],[-0.889,-1.333],[-22.504,-31.534],[-68.25,0],[0,41.601],[0,0],[0,0],[0.592,0.444],[7.254,4.886],[18.358,12.584],[24.428,16.729],[25.761,17.618],[22.208,15.249],[14.953,10.215],[9.62,6.662],[25.02,0],[-0.29,-10.511]],"v":[[225.404,162.112],[225.104,161.52],[191.053,110.74],[154.783,58.479],[105.337,-13.768],[56.482,-85.127],[16.509,-143.606],[-6.143,-176.769],[-8.511,-180.174],[-11.176,-184.023],[-111.997,-235.988],[-235.913,-112.072],[-183.652,-10.956],[-182.764,-10.363],[-182.615,-10.215],[-180.691,-8.883],[-159.076,5.922],[-104.15,43.526],[-30.719,93.862],[46.71,146.863],[113.48,192.61],[158.044,223.404],[190.614,235.988],[235.913,190.685]],"c":true},"ix":2},"nm":"Path 1","mn":"ADBE Vector Shape - Group","hd":false},{"ty":"st","c":{"a":0,"k":[1,0.442711474849,0.118584045709,1],"ix":3},"o":{"a":0,"k":100,"ix":4},"w":{"a":0,"k":10.363,"ix":5},"lc":2,"lj":2,"bm":0,"nm":"Stroke 1","mn":"ADBE Vector Graphic - Stroke","hd":false},{"ty":"tr","p":{"a":0,"k":[261.821,261.896],"ix":2},"a":{"a":0,"k":[0,0],"ix":1},"s":{"a":0,"k":[100,100],"ix":3},"r":{"a":0,"k":0,"ix":6},"o":{"a":0,"k":100,"ix":7},"sk":{"a":0,"k":0,"ix":4},"sa":{"a":0,"k":0,"ix":5},"nm":"Transform"}],"nm":"Group 1","np":2,"cix":2,"bm":0,"ix":1,"mn":"ADBE Vector Group","hd":false}],"ip":0,"op":1800,"st":0,"bm":0},{"ddd":0,"ind":2,"ty":4,"nm":"Layer 16 Outlines","sr":1,"ks":{"o":{"a":0,"k":100,"ix":11},"r":{"a":1,"k":[{"i":{"x":[0.667],"y":[1]},"o":{"x":[0.333],"y":[0]},"t":0,"s":[0]},{"i":{"x":[0.667],"y":[1]},"o":{"x":[0.333],"y":[0]},"t":121,"s":[-60]},{"t":238,"s":[0]}],"ix":10},"p":{"a":0,"k":[1081.632,853.424,0],"ix":2,"l":2},"a":{"a":0,"k":[136.056,136.129,0],"ix":1,"l":2},"s":{"a":0,"k":[100,100,100],"ix":6,"l":2}},"ao":0,"shapes":[{"ty":"gr","it":[{"ind":0,"ty":"sh","ix":1,"ks":{"a":0,"k":{"i":[[-16.03,0],[0,16.026],[16.03,0],[0,-16.025]],"o":[[16.03,0],[0,-16.025],[-16.03,0],[0,16.026]],"v":[[0,29.017],[29.02,-0.001],[0,-29.018],[-29.02,-0.001]],"c":true},"ix":2},"nm":"Path 1","mn":"ADBE Vector Shape - Group","hd":false},{"ty":"st","c":{"a":0,"k":[0.280324210373,0.552074417413,0.873607441023,1],"ix":3},"o":{"a":0,"k":100,"ix":4},"w":{"a":0,"k":8.883,"ix":5},"lc":2,"lj":2,"bm":0,"nm":"Stroke 1","mn":"ADBE Vector Graphic - Stroke","hd":false},{"ty":"fl","c":{"a":0,"k":[0.263776861453,0.342777356914,0.686201387293,1],"ix":4},"o":{"a":0,"k":100,"ix":5},"r":1,"bm":0,"nm":"Fill 1","mn":"ADBE Vector Graphic - Fill","hd":false},{"ty":"tr","p":{"a":0,"k":[136.053,136.055],"ix":2},"a":{"a":0,"k":[0,0],"ix":1},"s":{"a":0,"k":[100,100],"ix":3},"r":{"a":0,"k":0,"ix":6},"o":{"a":0,"k":100,"ix":7},"sk":{"a":0,"k":0,"ix":4},"sa":{"a":0,"k":0,"ix":5},"nm":"Transform"}],"nm":"Group 1","np":3,"cix":2,"bm":0,"ix":1,"mn":"ADBE Vector Group","hd":false},{"ty":"gr","it":[{"ind":0,"ty":"sh","ix":1,"ks":{"a":0,"k":{"i":[[-25.02,0],[0,25.019],[25.02,0],[0,-25.02]],"o":[[25.02,0],[0,-25.02],[-25.02,0],[0,25.019]],"v":[[0.001,45.302],[45.301,0.001],[0.001,-45.303],[-45.301,0.001]],"c":true},"ix":2},"nm":"Path 1","mn":"ADBE Vector Shape - Group","hd":false},{"ty":"st","c":{"a":0,"k":[0.263776861453,0.342777356914,0.686201387293,1],"ix":3},"o":{"a":0,"k":100,"ix":4},"w":{"a":0,"k":4.441,"ix":5},"lc":2,"lj":2,"bm":0,"nm":"Stroke 1","mn":"ADBE Vector Graphic - Stroke","hd":false},{"ty":"tr","p":{"a":0,"k":[136.052,136.055],"ix":2},"a":{"a":0,"k":[0,0],"ix":1},"s":{"a":0,"k":[100,100],"ix":3},"r":{"a":0,"k":0,"ix":6},"o":{"a":0,"k":100,"ix":7},"sk":{"a":0,"k":0,"ix":4},"sa":{"a":0,"k":0,"ix":5},"nm":"Transform"}],"nm":"Group 2","np":2,"cix":2,"bm":0,"ix":2,"mn":"ADBE Vector Group","hd":false},{"ty":"gr","it":[{"ind":0,"ty":"sh","ix":1,"ks":{"a":0,"k":{"i":[[3.85,0],[0,0],[-8.58,8.587],[0,0],[2.66,2.665],[0,0],[2.67,-2.665],[0,0],[0,12.14],[0,0],[3.71,0],[0,0],[0,-3.701],[0,0],[8.584,8.587],[0,0],[2.664,-2.665],[0,0],[-2.665,-2.665],[0,0],[12.14,0],[0,0],[0,-3.701],[0,0],[-3.702,0],[0,0],[8.587,-8.587],[0,0],[-2.665,-2.664],[0,0],[-2.665,2.665],[0,0],[0,-12.14],[0,0],[-3.7,0],[0,0],[0,3.701],[0,0],[-8.59,-8.587],[0,0],[-2.66,2.665],[0,0],[2.67,2.665],[0,0],[-12.14,0],[0,0],[0,3.702],[0,0]],"o":[[0,0],[-12.14,0],[0,0],[2.66,-2.665],[0,0],[-2.66,-2.665],[0,0],[-8.59,8.587],[0,0],[0,-3.701],[0,0],[-3.7,0],[0,0],[0,12.14],[0,0],[-2.665,-2.665],[0,0],[-2.665,2.665],[0,0],[8.587,8.587],[0,0],[-3.702,0],[0,0],[0,3.702],[0,0],[12.14,0],[0,0],[-2.665,2.665],[0,0],[2.664,2.665],[0,0],[8.584,-8.587],[0,0],[0,3.701],[0,0],[3.7,0],[0,0],[0,-12.14],[0,0],[2.66,2.665],[0,0],[2.67,-2.664],[0,0],[-8.58,-8.587],[0,0],[3.7,0],[0,0],[0,-3.553]],"v":[[103.338,-19.617],[80.098,-19.617],[70.468,-42.86],[86.908,-59.293],[86.908,-68.916],[68.838,-86.979],[59.218,-86.979],[42.788,-70.546],[19.538,-80.168],[19.538,-103.411],[12.728,-110.221],[-12.732,-110.221],[-19.542,-103.411],[-19.542,-80.168],[-42.786,-70.546],[-59.219,-86.979],[-68.842,-86.979],[-86.904,-68.916],[-86.904,-59.293],[-70.471,-42.86],[-80.094,-19.617],[-103.337,-19.617],[-110.148,-12.806],[-110.148,12.806],[-103.337,19.617],[-80.094,19.617],[-70.471,42.859],[-86.904,59.292],[-86.904,68.915],[-68.842,86.978],[-59.219,86.978],[-42.786,70.544],[-19.542,80.167],[-19.542,103.411],[-12.732,110.221],[12.878,110.221],[19.688,103.411],[19.688,80.167],[42.938,70.544],[59.368,86.978],[68.988,86.978],[87.048,68.915],[87.048,59.292],[70.468,42.712],[80.098,19.467],[103.338,19.467],[110.148,12.658],[110.148,-12.954]],"c":true},"ix":2},"nm":"Path 1","mn":"ADBE Vector Shape - Group","hd":false},{"ty":"st","c":{"a":0,"k":[0.61533017626,0.781886381261,0.93949249866,1],"ix":3},"o":{"a":0,"k":100,"ix":4},"w":{"a":0,"k":10.363,"ix":5},"lc":2,"lj":2,"bm":0,"nm":"Stroke 1","mn":"ADBE Vector Graphic - Stroke","hd":false},{"ty":"tr","p":{"a":0,"k":[136.055,136.129],"ix":2},"a":{"a":0,"k":[0,0],"ix":1},"s":{"a":0,"k":[100,100],"ix":3},"r":{"a":0,"k":0,"ix":6},"o":{"a":0,"k":100,"ix":7},"sk":{"a":0,"k":0,"ix":4},"sa":{"a":0,"k":0,"ix":5},"nm":"Transform"}],"nm":"Group 3","np":2,"cix":2,"bm":0,"ix":3,"mn":"ADBE Vector Group","hd":false},{"ty":"gr","it":[{"ind":0,"ty":"sh","ix":1,"ks":{"a":0,"k":{"i":[[3.85,0],[0,0],[-8.58,8.586],[0,0],[2.66,2.665],[0,0],[2.67,-2.665],[0,0],[0,12.14],[0,0],[3.7,0],[0,0],[0,-3.701],[0,0],[8.582,8.587],[0,0],[2.664,-2.665],[0,0],[-2.665,-2.664],[0,0],[12.14,0],[0,0],[0,-3.701],[0,0],[-3.701,0],[0,0],[8.587,-8.586],[0,0],[-2.665,-2.665],[0,0],[-2.665,2.664],[0,0],[0,-12.14],[0,0],[-3.7,0],[0,0],[0,3.701],[0,0],[-8.59,-8.587],[0,0],[-2.66,2.664],[0,0],[2.66,2.665],[0,0],[-12.14,0],[0,0],[0,3.701],[0,0]],"o":[[0,0],[-12.14,0],[0,0],[2.66,-2.664],[0,0],[-2.67,-2.665],[0,0],[-8.59,8.587],[0,0],[0,-3.701],[0,0],[-3.7,0],[0,0],[0,12.14],[0,0],[-2.665,-2.665],[0,0],[-2.665,2.665],[0,0],[8.587,8.586],[0,0],[-3.701,0],[0,0],[0,3.701],[0,0],[12.14,0],[0,0],[-2.665,2.665],[0,0],[2.664,2.664],[0,0],[8.582,-8.587],[0,0],[0,3.701],[0,0],[3.71,0],[0,0],[0,-12.14],[0,0],[2.67,2.664],[0,0],[2.66,-2.665],[0,0],[-8.58,-8.586],[0,0],[3.7,0],[0,0],[0,-3.553]],"v":[[103.337,-19.617],[80.097,-19.617],[70.467,-42.859],[86.907,-59.293],[86.907,-68.916],[68.847,-86.977],[59.217,-86.977],[42.787,-70.544],[19.547,-80.167],[19.547,-103.411],[12.737,-110.221],[-12.733,-110.221],[-19.543,-103.411],[-19.543,-80.167],[-42.785,-70.544],[-59.218,-86.977],[-68.841,-86.977],[-86.903,-68.916],[-86.903,-59.293],[-70.47,-42.859],[-80.093,-19.617],[-103.337,-19.617],[-110.147,-12.806],[-110.147,12.807],[-103.337,19.617],[-80.093,19.617],[-70.47,42.86],[-86.903,59.294],[-86.903,68.916],[-68.841,86.979],[-59.218,86.979],[-42.785,70.545],[-19.543,80.167],[-19.543,103.411],[-12.733,110.221],[12.877,110.221],[19.687,103.411],[19.687,80.167],[42.937,70.545],[59.367,86.979],[68.987,86.979],[87.057,68.916],[87.057,59.294],[70.467,42.712],[80.097,19.468],[103.337,19.468],[110.147,12.659],[110.147,-12.954]],"c":true},"ix":2},"nm":"Path 1","mn":"ADBE Vector Shape - Group","hd":false},{"ty":"fl","c":{"a":0,"k":[0.61533017626,0.781886381261,0.93949249866,1],"ix":4},"o":{"a":0,"k":100,"ix":5},"r":1,"bm":0,"nm":"Fill 1","mn":"ADBE Vector Graphic - Fill","hd":false},{"ty":"tr","p":{"a":0,"k":[136.056,136.13],"ix":2},"a":{"a":0,"k":[0,0],"ix":1},"s":{"a":0,"k":[100,100],"ix":3},"r":{"a":0,"k":0,"ix":6},"o":{"a":0,"k":100,"ix":7},"sk":{"a":0,"k":0,"ix":4},"sa":{"a":0,"k":0,"ix":5},"nm":"Transform"}],"nm":"Group 4","np":2,"cix":2,"bm":0,"ix":4,"mn":"ADBE Vector Group","hd":false}],"ip":0,"op":1800,"st":0,"bm":0},{"ddd":0,"ind":3,"ty":4,"nm":"Layer 17 Outlines","sr":1,"ks":{"o":{"a":0,"k":100,"ix":11},"r":{"a":1,"k":[{"i":{"x":[0.667],"y":[1]},"o":{"x":[0.333],"y":[0]},"t":0,"s":[0]},{"i":{"x":[0.667],"y":[1]},"o":{"x":[0.333],"y":[0]},"t":121,"s":[60]},{"t":237,"s":[0]}],"ix":10},"p":{"a":0,"k":[779.096,550.887,0],"ix":2,"l":2},"a":{"a":0,"k":[248.498,248.423,0],"ix":1,"l":2},"s":{"a":0,"k":[100,100,100],"ix":6,"l":2}},"ao":0,"shapes":[{"ty":"gr","it":[{"ind":0,"ty":"sh","ix":1,"ks":{"a":0,"k":{"i":[[0,0],[0,0],[6.958,0],[0,0],[6.07,11.252],[0,0],[4.885,5.034],[0,0],[5.034,-4.886],[0,0],[12.584,3.701],[0,0],[6.958,0],[0,0],[0,-6.958],[0,0]],"o":[[0,0],[0,-6.959],[0,0],[-3.701,-12.584],[0,0],[4.885,-4.886],[0,0],[-4.885,-4.886],[0,0],[-11.251,-6.218],[0,0],[0,-6.958],[0,0],[-6.958,0],[0,0],[0,0]],"v":[[136.796,111.258],[136.796,72.766],[124.212,60.182],[88.384,60.182],[73.58,24.354],[98.896,-0.962],[98.896,-18.876],[44.414,-73.357],[26.5,-73.357],[1.184,-48.041],[-34.643,-62.846],[-34.643,-98.674],[-47.227,-111.258],[-124.212,-111.258],[-136.796,-98.674],[-136.796,-62.846]],"c":false},"ix":2},"nm":"Path 1","mn":"ADBE Vector Shape - Group","hd":false},{"ty":"st","c":{"a":0,"k":[1,0.999998922909,1,1],"ix":3},"o":{"a":0,"k":100,"ix":4},"w":{"a":0,"k":10.363,"ix":5},"lc":2,"lj":2,"bm":0,"nm":"Stroke 1","mn":"ADBE Vector Graphic - Stroke","hd":false},{"ty":"tr","p":{"a":0,"k":[334.291,137.166],"ix":2},"a":{"a":0,"k":[0,0],"ix":1},"s":{"a":0,"k":[100,100],"ix":3},"r":{"a":0,"k":0,"ix":6},"o":{"a":0,"k":100,"ix":7},"sk":{"a":0,"k":0,"ix":4},"sa":{"a":0,"k":0,"ix":5},"nm":"Transform"}],"nm":"Group 1","np":2,"cix":2,"bm":0,"ix":1,"mn":"ADBE Vector Group","hd":false},{"ty":"gr","it":[{"ind":0,"ty":"sh","ix":1,"ks":{"a":0,"k":{"i":[[0,0],[11.251,-6.07],[0,0],[5.033,-4.886],[0,0],[-4.885,-5.033],[0,0],[3.702,-12.584],[0,0],[0,-6.958],[0,0]],"o":[[-12.584,3.702],[0,0],[-4.885,-4.886],[0,0],[-4.885,4.885],[0,0],[-6.218,11.252],[0,0],[-6.958,0],[0,0],[0,0]],"v":[[85.72,-79.354],[49.892,-64.548],[24.575,-89.865],[6.663,-89.865],[-47.819,-35.383],[-47.819,-17.469],[-22.504,7.846],[-37.309,43.674],[-73.136,43.674],[-85.72,56.258],[-85.72,94.75]],"c":false},"ix":2},"nm":"Path 1","mn":"ADBE Vector Shape - Group","hd":false},{"ty":"st","c":{"a":0,"k":[1,0.999998922909,1,1],"ix":3},"o":{"a":0,"k":100,"ix":4},"w":{"a":0,"k":10.363,"ix":5},"lc":2,"lj":2,"bm":0,"nm":"Stroke 1","mn":"ADBE Vector Graphic - Stroke","hd":false},{"ty":"tr","p":{"a":0,"k":[111.627,153.672],"ix":2},"a":{"a":0,"k":[0,0],"ix":1},"s":{"a":0,"k":[100,100],"ix":3},"r":{"a":0,"k":0,"ix":6},"o":{"a":0,"k":100,"ix":7},"sk":{"a":0,"k":0,"ix":4},"sa":{"a":0,"k":0,"ix":5},"nm":"Transform"}],"nm":"Group 2","np":2,"cix":2,"bm":0,"ix":2,"mn":"ADBE Vector Group","hd":false},{"ty":"gr","it":[{"ind":0,"ty":"sh","ix":1,"ks":{"a":0,"k":{"i":[[0,0],[0,0],[-6.958,0],[0,0],[-6.07,-11.251],[0,0],[-4.886,-5.033],[0,0],[-5.034,4.885],[0,0],[-12.584,-3.701]],"o":[[0,0],[0,6.958],[0,0],[3.701,12.584],[0,0],[-4.886,4.885],[0,0],[4.886,4.885],[0,0],[11.252,6.218],[0,0]],"v":[[-85.72,-94.751],[-85.72,-56.258],[-73.136,-43.673],[-37.308,-43.673],[-22.503,-7.846],[-47.819,17.471],[-47.819,35.383],[6.662,89.865],[24.576,89.865],[49.892,64.549],[85.72,79.353]],"c":false},"ix":2},"nm":"Path 1","mn":"ADBE Vector Shape - Group","hd":false},{"ty":"st","c":{"a":0,"k":[0.61533017626,0.781886381261,0.93949249866,1],"ix":3},"o":{"a":0,"k":100,"ix":4},"w":{"a":0,"k":10.363,"ix":5},"lc":2,"lj":2,"bm":0,"nm":"Stroke 1","mn":"ADBE Vector Graphic - Stroke","hd":false},{"ty":"tr","p":{"a":0,"k":[111.775,343.173],"ix":2},"a":{"a":0,"k":[0,0],"ix":1},"s":{"a":0,"k":[100,100],"ix":3},"r":{"a":0,"k":0,"ix":6},"o":{"a":0,"k":100,"ix":7},"sk":{"a":0,"k":0,"ix":4},"sa":{"a":0,"k":0,"ix":5},"nm":"Transform"}],"nm":"Group 3","np":2,"cix":2,"bm":0,"ix":3,"mn":"ADBE Vector Group","hd":false},{"ty":"gr","it":[{"ind":0,"ty":"sh","ix":1,"ks":{"a":0,"k":{"i":[[0,0],[0,0],[-6.958,0],[0,0],[0,6.958],[0,0],[-11.252,6.07],[0,0],[-5.034,4.885],[0,0],[4.886,5.033],[0,0],[-3.701,12.584],[0,0],[0,6.958],[0,0]],"o":[[0,0],[0,6.958],[0,0],[6.958,0],[0,0],[12.584,-3.701],[0,0],[4.885,4.885],[0,0],[4.886,-4.885],[0,0],[6.218,-11.251],[0,0],[6.959,0],[0,0],[0,0]],"v":[[-136.796,62.846],[-136.796,98.674],[-124.212,111.258],[-47.227,111.258],[-34.643,98.674],[-34.643,62.846],[1.185,48.042],[26.501,73.358],[44.415,73.358],[98.896,18.876],[98.896,0.963],[73.58,-24.354],[88.385,-60.181],[124.212,-60.181],[136.796,-72.765],[136.796,-111.258]],"c":false},"ix":2},"nm":"Path 1","mn":"ADBE Vector Shape - Group","hd":false},{"ty":"st","c":{"a":0,"k":[0.61533017626,0.781886381261,0.93949249866,1],"ix":3},"o":{"a":0,"k":100,"ix":4},"w":{"a":0,"k":10.363,"ix":5},"lc":2,"lj":2,"bm":0,"nm":"Stroke 1","mn":"ADBE Vector Graphic - Stroke","hd":false},{"ty":"tr","p":{"a":0,"k":[334.143,359.681],"ix":2},"a":{"a":0,"k":[0,0],"ix":1},"s":{"a":0,"k":[100,100],"ix":3},"r":{"a":0,"k":0,"ix":6},"o":{"a":0,"k":100,"ix":7},"sk":{"a":0,"k":0,"ix":4},"sa":{"a":0,"k":0,"ix":5},"nm":"Transform"}],"nm":"Group 4","np":2,"cix":2,"bm":0,"ix":4,"mn":"ADBE Vector Group","hd":false},{"ty":"gr","it":[{"ind":0,"ty":"sh","ix":1,"ks":{"a":0,"k":{"i":[[20.135,13.916],[0,42.193],[-68.398,0],[0,-68.398],[68.398,0]],"o":[[-32.274,-22.356],[0,-68.25],[68.398,0],[0,68.398],[-26.205,0]],"v":[[-70.619,101.857],[-123.916,0],[0,-123.916],[123.916,0],[0,123.916]],"c":true},"ix":2},"nm":"Path 1","mn":"ADBE Vector Shape - Group","hd":false},{"ty":"st","c":{"a":0,"k":[0.61533017626,0.781886381261,0.93949249866,1],"ix":3},"o":{"a":0,"k":100,"ix":4},"w":{"a":0,"k":7.402,"ix":5},"lc":2,"lj":2,"bm":0,"nm":"Stroke 1","mn":"ADBE Vector Graphic - Stroke","hd":false},{"ty":"tr","p":{"a":0,"k":[248.573,248.423],"ix":2},"a":{"a":0,"k":[0,0],"ix":1},"s":{"a":0,"k":[100,100],"ix":3},"r":{"a":0,"k":0,"ix":6},"o":{"a":0,"k":100,"ix":7},"sk":{"a":0,"k":0,"ix":4},"sa":{"a":0,"k":0,"ix":5},"nm":"Transform"}],"nm":"Group 5","np":2,"cix":2,"bm":0,"ix":5,"mn":"ADBE Vector Group","hd":false},{"ty":"gr","it":[{"ind":0,"ty":"sh","ix":1,"ks":{"a":0,"k":{"i":[[0,0],[-47.375,0],[0,-47.376]],"o":[[0,-47.376],[47.375,0],[0,0]],"v":[[-86.016,43.008],[0,-43.008],[86.016,43.008]],"c":false},"ix":2},"nm":"Path 1","mn":"ADBE Vector Shape - Group","hd":false},{"ty":"st","c":{"a":0,"k":[1,0.999998922909,1,1],"ix":3},"o":{"a":0,"k":100,"ix":4},"w":{"a":0,"k":7.402,"ix":5},"lc":2,"lj":2,"bm":0,"nm":"Stroke 1","mn":"ADBE Vector Graphic - Stroke","hd":false},{"ty":"tr","p":{"a":0,"k":[248.573,205.417],"ix":2},"a":{"a":0,"k":[0,0],"ix":1},"s":{"a":0,"k":[100,100],"ix":3},"r":{"a":0,"k":0,"ix":6},"o":{"a":0,"k":100,"ix":7},"sk":{"a":0,"k":0,"ix":4},"sa":{"a":0,"k":0,"ix":5},"nm":"Transform"}],"nm":"Group 6","np":2,"cix":2,"bm":0,"ix":6,"mn":"ADBE Vector Group","hd":false},{"ty":"gr","it":[{"ind":0,"ty":"sh","ix":1,"ks":{"a":0,"k":{"i":[[0,0],[47.375,0],[0,47.376]],"o":[[0,47.376],[-47.375,0],[0,0]],"v":[[86.016,-43.008],[0,43.008],[-86.016,-43.008]],"c":false},"ix":2},"nm":"Path 1","mn":"ADBE Vector Shape - Group","hd":false},{"ty":"st","c":{"a":0,"k":[0.280324210373,0.552074417413,0.873607441023,1],"ix":3},"o":{"a":0,"k":100,"ix":4},"w":{"a":0,"k":7.402,"ix":5},"lc":2,"lj":2,"bm":0,"nm":"Stroke 1","mn":"ADBE Vector Graphic - Stroke","hd":false},{"ty":"tr","p":{"a":0,"k":[248.572,291.431],"ix":2},"a":{"a":0,"k":[0,0],"ix":1},"s":{"a":0,"k":[100,100],"ix":3},"r":{"a":0,"k":0,"ix":6},"o":{"a":0,"k":100,"ix":7},"sk":{"a":0,"k":0,"ix":4},"sa":{"a":0,"k":0,"ix":5},"nm":"Transform"}],"nm":"Group 7","np":2,"cix":2,"bm":0,"ix":7,"mn":"ADBE Vector Group","hd":false},{"ty":"gr","it":[{"ind":0,"ty":"sh","ix":1,"ks":{"a":0,"k":{"i":[[47.375,0],[0,47.375],[-47.375,0],[0,-47.375]],"o":[[-47.375,0],[0,-47.375],[47.375,0],[0,47.523]],"v":[[0,86.016],[-86.016,0],[0,-86.016],[86.016,0]],"c":true},"ix":2},"nm":"Path 1","mn":"ADBE Vector Shape - Group","hd":false},{"ind":1,"ty":"sh","ix":2,"ks":{"a":0,"k":{"i":[[6.958,0],[0,0],[6.07,11.252],[0,0],[4.885,5.034],[0,0],[5.034,-4.886],[0,0],[12.585,3.701],[0,0],[6.959,0],[0,0],[0,-6.958],[0,0],[11.252,-6.07],[0,0],[5.034,-4.886],[0,0],[-4.886,-5.034],[0,0],[3.701,-12.584],[0,0],[0,-6.959],[0,0],[0,0],[-6.958,0],[0,0],[-6.07,-11.251],[0,0],[-4.886,-5.033],[0,0],[-5.034,4.885],[0,0],[-12.584,-3.701],[0,0],[-6.959,0],[0,0],[0,6.958],[0,0],[-11.252,6.069],[0,0],[-5.034,4.885],[0,0],[4.885,5.034],[0,0],[-3.701,12.584],[0,0],[0,6.958],[0,0],[0,0]],"o":[[0,0],[-3.701,-12.584],[0,0],[4.885,-4.886],[0,0],[-4.886,-4.886],[0,0],[-11.252,-6.218],[0,0],[0,-6.958],[0,0],[-6.959,0],[0,0],[-12.584,3.701],[0,0],[-4.886,-4.886],[0,0],[-4.886,4.886],[0,0],[-6.218,11.252],[0,0],[-6.958,0],[0,0],[0,0],[0,6.958],[0,0],[3.701,12.584],[0,0],[-4.886,4.886],[0,0],[4.886,4.885],[0,0],[11.252,6.218],[0,0],[0,6.958],[0,0],[6.959,0],[0,0],[12.585,-3.701],[0,0],[4.886,4.885],[0,0],[4.885,-4.885],[0,0],[6.218,-11.251],[0,0],[6.958,0],[0,0],[0,0],[0,-6.959]],"v":[[209.932,-51.076],[174.104,-51.076],[159.299,-86.904],[184.616,-112.22],[184.616,-130.134],[130.134,-184.615],[112.22,-184.615],[86.904,-159.299],[51.076,-174.104],[51.076,-209.932],[38.492,-222.516],[-38.492,-222.516],[-51.076,-209.932],[-51.076,-174.104],[-86.904,-159.299],[-112.22,-184.615],[-130.134,-184.615],[-184.615,-130.134],[-184.615,-112.22],[-159.299,-86.904],[-174.104,-51.076],[-209.932,-51.076],[-222.516,-38.492],[-222.516,0],[-222.516,38.493],[-209.932,51.077],[-174.104,51.077],[-159.299,86.904],[-184.615,112.22],[-184.615,130.134],[-130.134,184.616],[-112.22,184.616],[-86.904,159.3],[-51.076,174.104],[-51.076,209.932],[-38.492,222.516],[38.492,222.516],[51.076,209.932],[51.076,174.104],[86.904,159.3],[112.22,184.616],[130.134,184.616],[184.616,130.134],[184.616,112.22],[159.299,86.904],[174.104,51.077],[209.932,51.077],[222.516,38.493],[222.516,0],[222.516,-38.492]],"c":true},"ix":2},"nm":"Path 2","mn":"ADBE Vector Shape - Group","hd":false},{"ty":"mm","mm":1,"nm":"Merge Paths 1","mn":"ADBE Vector Filter - Merge","hd":false},{"ty":"fl","c":{"a":0,"k":[0.813148408778,0.890344776827,0.968618355545,1],"ix":4},"o":{"a":0,"k":100,"ix":5},"r":1,"bm":0,"nm":"Fill 1","mn":"ADBE Vector Graphic - Fill","hd":false},{"ty":"tr","p":{"a":0,"k":[248.57,248.424],"ix":2},"a":{"a":0,"k":[0,0],"ix":1},"s":{"a":0,"k":[100,100],"ix":3},"r":{"a":0,"k":0,"ix":6},"o":{"a":0,"k":100,"ix":7},"sk":{"a":0,"k":0,"ix":4},"sa":{"a":0,"k":0,"ix":5},"nm":"Transform"}],"nm":"Group 8","np":4,"cix":2,"bm":0,"ix":8,"mn":"ADBE Vector Group","hd":false}],"ip":0,"op":1800,"st":0,"bm":0},{"ddd":0,"ind":4,"ty":4,"nm":"Layer 18 Outlines","sr":1,"ks":{"o":{"a":0,"k":100,"ix":11},"r":{"a":0,"k":0,"ix":10},"p":{"a":0,"k":[388.474,457.322,0],"ix":2,"l":2},"a":{"a":0,"k":[285.436,346.579,0],"ix":1,"l":2},"s":{"a":0,"k":[100,100,100],"ix":6,"l":2}},"ao":0,"shapes":[{"ty":"gr","it":[{"ind":0,"ty":"sh","ix":1,"ks":{"a":0,"k":{"i":[[-6.514,7.254],[-2.368,2.961],[-5.478,12.88],[0,22.947],[94.01,0],[29.61,-22.799],[15.842,-38.345],[21.319,-47.82],[23.095,-52.261],[8.735,-18.95],[0,-19.987],[-27.093,-14.805],[-27.981,22.799],[-31.239,30.646],[-10.512,10.363],[-10.955,10.807],[-11.104,10.808],[-10.659,10.511],[-9.771,9.623],[-8.587,8.438],[-6.959,6.662],[-4.737,4.589]],"o":[[2.517,-2.813],[8.587,-10.956],[9.031,-21.171],[-0.148,-94.159],[-37.456,0],[-33.607,25.909],[-19.838,48.411],[-23.244,52.261],[-8.439,19.098],[-8.142,17.617],[0,30.942],[32.57,17.765],[33.903,-27.685],[10.511,-10.363],[10.955,-10.807],[11.104,-10.808],[10.659,-10.511],[9.771,-9.623],[8.587,-8.439],[6.81,-6.663],[4.737,-4.589],[7.107,-7.107]],"v":[[217.186,-38.344],[224.588,-47.079],[245.759,-83.203],[259.528,-150.12],[88.977,-320.671],[-14.805,-285.288],[-82.019,-184.911],[-145.827,-41.305],[-215.409,115.477],[-241.318,172.476],[-259.528,227.994],[-214.965,302.906],[-117.55,290.47],[-22.947,198.236],[8.587,167.294],[41.601,134.872],[74.764,102.301],[106.742,70.915],[136.204,42.046],[161.816,16.878],[182.395,-3.257],[196.459,-17.025]],"c":true},"ix":2},"nm":"Path 1","mn":"ADBE Vector Shape - Group","hd":false},{"ty":"st","c":{"a":0,"k":[0.813148408778,0.890344776827,0.968618355545,1],"ix":3},"o":{"a":0,"k":100,"ix":4},"w":{"a":0,"k":10.363,"ix":5},"lc":2,"lj":2,"bm":0,"nm":"Stroke 1","mn":"ADBE Vector Graphic - Stroke","hd":false},{"ty":"tr","p":{"a":0,"k":[285.435,346.579],"ix":2},"a":{"a":0,"k":[0,0],"ix":1},"s":{"a":0,"k":[100,100],"ix":3},"r":{"a":0,"k":0,"ix":6},"o":{"a":0,"k":100,"ix":7},"sk":{"a":0,"k":0,"ix":4},"sa":{"a":0,"k":0,"ix":5},"nm":"Transform"}],"nm":"Group 1","np":2,"cix":2,"bm":0,"ix":1,"mn":"ADBE Vector Group","hd":false}],"ip":0,"op":1800,"st":0,"bm":0},{"ddd":0,"ind":5,"ty":4,"nm":"Layer 19 Outlines","sr":1,"ks":{"o":{"a":0,"k":100,"ix":11},"r":{"a":1,"k":[{"i":{"x":[0.667],"y":[1]},"o":{"x":[0.333],"y":[0]},"t":0,"s":[0]},{"i":{"x":[0.667],"y":[1]},"o":{"x":[0.333],"y":[0]},"t":119,"s":[181]},{"t":238,"s":[0]}],"ix":10},"p":{"a":0,"k":[214.046,685.241,0],"ix":2,"l":2},"a":{"a":0,"k":[171.815,178.346,0],"ix":1,"l":2},"s":{"a":0,"k":[100,100,100],"ix":6,"l":2}},"ao":0,"shapes":[{"ty":"gr","it":[{"ind":0,"ty":"sh","ix":1,"ks":{"a":0,"k":{"i":[[-14.646,44.587],[-44.587,-14.646],[14.646,-44.587],[44.587,14.646]],"o":[[14.646,-44.587],[44.587,14.646],[-14.646,44.587],[-44.587,-14.646]],"v":[[-80.876,-26.566],[26.566,-80.876],[80.876,26.567],[-26.567,80.876]],"c":true},"ix":2},"nm":"Path 1","mn":"ADBE Vector Shape - Group","hd":false},{"ty":"st","c":{"a":0,"k":[0.716236967199,0.836657415652,0.955553122128,1],"ix":3},"o":{"a":0,"k":100,"ix":4},"w":{"a":0,"k":4.441,"ix":5},"lc":2,"lj":2,"bm":0,"nm":"Stroke 1","mn":"ADBE Vector Graphic - Stroke","hd":false},{"ty":"tr","p":{"a":0,"k":[171.675,178.395],"ix":2},"a":{"a":0,"k":[0,0],"ix":1},"s":{"a":0,"k":[100,100],"ix":3},"r":{"a":0,"k":0,"ix":6},"o":{"a":0,"k":100,"ix":7},"sk":{"a":0,"k":0,"ix":4},"sa":{"a":0,"k":0,"ix":5},"nm":"Transform"}],"nm":"Group 1","np":2,"cix":2,"bm":0,"ix":1,"mn":"ADBE Vector Group","hd":false},{"ty":"gr","it":[{"ind":0,"ty":"sh","ix":1,"ks":{"a":0,"k":{"i":[[-11.273,34.32],[-34.46,-11.32],[11.32,-34.46],[34.46,11.32]],"o":[[11.273,-34.32],[34.461,11.32],[-11.274,34.32],[-34.461,-11.32]],"v":[[-62.819,-20.375],[19.958,-62.216],[61.8,20.561],[-20.977,62.402]],"c":true},"ix":2},"nm":"Path 1","mn":"ADBE Vector Shape - Group","hd":false},{"ind":1,"ty":"sh","ix":2,"ks":{"a":0,"k":{"i":[[-5.033,5.359],[0,0],[-9.143,-3.003],[-9.275,-1.176],[0,0],[-7.445,-0.109],[-0.904,7.495],[0,0],[-16.579,9.202],[0,0],[-6.114,4.381],[3.586,6.633],[0,0],[-8.116,17.593],[0,0],[-2.31,7.032],[6.755,3.155],[0,0],[3.498,18.29],[0,0],[2.185,7.107],[7.298,-1.343],[0,0],[13.915,13.142],[0,0],[6.012,4.468],[5.079,-5.499],[0,0],[9.142,3.003],[9.275,1.177],[0,0],[7.445,0.108],[0.904,-7.495],[0,0],[16.58,-9.202],[0,0],[6.113,-4.381],[-3.588,-6.633],[0,0],[8.116,-17.592],[0,0],[2.31,-7.033],[-6.755,-3.154],[0,0],[-3.498,-18.29],[0,0],[-2.185,-7.106],[-7.298,1.343],[0,0],[-13.915,-13.141],[0,0],[-6.012,-4.468]],"o":[[0,0],[8.166,4.553],[9.142,3.003],[0,0],[0.828,7.44],[7.49,-0.033],[0,0],[18.951,-2.19],[0,0],[5.08,5.409],[6.114,-4.381],[0,0],[13.803,-12.607],[0,0],[7.31,1.465],[2.31,-7.032],[0,0],[3.944,-19.118],[0,0],[6.774,-3.073],[-2.325,-7.153],[0,0],[-7.894,-17.241],[0,0],[3.67,-6.43],[-6.013,-4.468],[0,0],[-8.167,-4.552],[-9.143,-3.003],[0,0],[-0.828,-7.44],[-7.49,0.033],[0,0],[-18.951,2.189],[0,0],[-5.08,-5.409],[-6.115,4.38],[0,0],[-13.803,12.607],[0,0],[-7.31,-1.465],[-2.31,7.032],[0,0],[-3.943,19.118],[0,0],[-6.775,3.073],[2.325,7.153],[0,0],[7.894,17.24],[0,0],[-3.67,6.43],[5.823,4.094]],"v":[[-86.22,141.949],[-72.054,126.812],[-46.067,138.31],[-18.325,144.461],[-15.893,165.05],[-1.323,178.096],[13.368,165.156],[15.946,144.499],[69.803,127.128],[83.962,142.375],[103.446,144.258],[107.717,125.089],[97.665,106.828],[131.033,61.223],[151.369,65.254],[168.321,55.396],[160.518,37.404],[141.846,28.778],[142.021,-27.73],[160.944,-36.474],[168.871,-54.44],[152.066,-64.48],[131.624,-60.598],[98.558,-106.522],[108.732,-124.685],[104.575,-143.815],[85.107,-141.951],[70.941,-126.814],[44.954,-138.31],[17.211,-144.462],[14.78,-165.052],[0.209,-178.096],[-14.481,-165.158],[-17.06,-144.5],[-70.917,-127.129],[-85.075,-142.376],[-104.559,-144.258],[-108.83,-125.091],[-98.778,-106.829],[-132.147,-61.225],[-152.483,-65.255],[-169.434,-55.396],[-161.631,-37.405],[-142.866,-28.591],[-143.04,27.918],[-161.963,36.66],[-169.89,54.627],[-153.085,64.665],[-132.643,60.784],[-99.577,106.707],[-109.751,124.87],[-105.594,144]],"c":true},"ix":2},"nm":"Path 2","mn":"ADBE Vector Shape - Group","hd":false},{"ty":"mm","mm":1,"nm":"Merge Paths 1","mn":"ADBE Vector Filter - Merge","hd":false},{"ty":"mm","mm":4,"nm":"Merge Paths 2","mn":"ADBE Vector Filter - Merge","hd":false},{"ty":"fl","c":{"a":0,"k":[0.396776057225,0.666071753408,0.904984358245,1],"ix":4},"o":{"a":0,"k":100,"ix":5},"r":1,"bm":0,"nm":"Fill 1","mn":"ADBE Vector Graphic - Fill","hd":false},{"ty":"tr","p":{"a":0,"k":[172.325,178.346],"ix":2},"a":{"a":0,"k":[0,0],"ix":1},"s":{"a":0,"k":[100,100],"ix":3},"r":{"a":0,"k":0,"ix":6},"o":{"a":0,"k":100,"ix":7},"sk":{"a":0,"k":0,"ix":4},"sa":{"a":0,"k":0,"ix":5},"nm":"Transform"}],"nm":"Group 2","np":5,"cix":2,"bm":0,"ix":2,"mn":"ADBE Vector Group","hd":false}],"ip":0,"op":1800,"st":0,"bm":0},{"ddd":0,"ind":6,"ty":4,"nm":"Layer 20 Outlines","sr":1,"ks":{"o":{"a":0,"k":100,"ix":11},"r":{"a":1,"k":[{"i":{"x":[0.667],"y":[1]},"o":{"x":[0.333],"y":[0]},"t":0,"s":[0]},{"i":{"x":[0.667],"y":[1]},"o":{"x":[0.333],"y":[0]},"t":119,"s":[-181]},{"t":238,"s":[0]}],"ix":10},"p":{"a":0,"k":[476.723,304.82,0],"ix":2,"l":2},"a":{"a":0,"k":[273.755,273.104,0],"ix":1,"l":2},"s":{"a":0,"k":[100,100,100],"ix":6,"l":2}},"ao":0,"shapes":[{"ty":"gr","it":[{"ind":0,"ty":"sh","ix":1,"ks":{"a":0,"k":{"i":[[-94.192,0],[0,94.192],[94.193,0],[0,-94.193]],"o":[[94.193,0],[0,-94.193],[-94.192,0],[0,94.192]],"v":[[0,170.551],[170.551,0],[0,-170.551],[-170.551,0]],"c":true},"ix":2},"nm":"Path 1","mn":"ADBE Vector Shape - Group","hd":false},{"ty":"st","c":{"a":0,"k":[0.61533017626,0.781886381261,0.93949249866,1],"ix":3},"o":{"a":0,"k":100,"ix":4},"w":{"a":0,"k":4.441,"ix":5},"lc":2,"lj":2,"bm":0,"nm":"Stroke 1","mn":"ADBE Vector Graphic - Stroke","hd":false},{"ty":"tr","p":{"a":0,"k":[274.479,275.486],"ix":2},"a":{"a":0,"k":[0,0],"ix":1},"s":{"a":0,"k":[100,100],"ix":3},"r":{"a":0,"k":0,"ix":6},"o":{"a":0,"k":100,"ix":7},"sk":{"a":0,"k":0,"ix":4},"sa":{"a":0,"k":0,"ix":5},"nm":"Transform"}],"nm":"Group 1","np":2,"cix":2,"bm":0,"ix":1,"mn":"ADBE Vector Group","hd":false},{"ty":"gr","it":[{"ind":0,"ty":"sh","ix":1,"ks":{"a":0,"k":{"i":[[-0.112,0.177],[-1.892,1.032],[-12.857,2.883],[-16.587,-73.963],[40.067,-31.744],[5.502,-3.205],[0.547,-0.274],[13.58,-3.045],[16.586,73.963],[-48.999,29.802]],"o":[[1.716,-1.143],[10.956,-5.946],[73.964,-16.587],[11.922,53.162],[-5.018,4.008],[-0.546,0.274],[-11.581,6.543],[-73.963,16.586],[-13.153,-58.651],[0,0]],"v":[[-70.568,-116.122],[-65.066,-119.328],[-29.251,-132.821],[134.694,-28.938],[85.903,108.693],[70.124,119.515],[68.631,120.305],[30.778,134.862],[-133.167,30.979],[-70.568,-116.122]],"c":true},"ix":2},"nm":"Path 1","mn":"ADBE Vector Shape - Group","hd":false},{"ind":1,"ty":"sh","ix":2,"ks":{"a":0,"k":{"i":[[-6.872,0.478],[-3.131,0.247],[0,0],[-15.457,3.466],[3.466,15.457],[0,0],[-6.866,3.208],[-1.379,0.613],[-2.695,1.514],[0,0],[0,0],[-0.032,-0.145],[-12.672,7.091],[-0.77,0.627],[-0.736,0.773],[-1.532,5.35],[5.137,7.344],[0,0],[-7.706,9.617],[0,0],[0,0],[-8.517,13.44],[1.62,7.223],[6.72,4.258],[0,0],[-3.003,8.26],[-1.053,3.422],[0,0],[-1.076,-0.062],[-3.249,13.929],[-0.047,0.466],[-0.191,0.499],[14.763,2.911],[0.176,0.112],[0,0],[0,0],[1.244,12.314],[0,0],[-3.414,3.042],[0.033,0.144],[-0.112,0.177],[-0.644,7.275],[0.648,2.889],[7.378,3.808],[1.173,0.496],[0.466,0.047],[0.177,0.112],[0.642,0.16],[0.61,0.015],[0.321,0.079],[2.889,-0.648],[0,0],[5.915,10.812],[0,0],[7.91,12.944],[0.418,0.513],[0.45,0.657],[7.019,0.854],[1.51,-0.034],[4.859,-3.366],[0,0],[0.241,0.402],[9.263,7.481],[0,0],[0,0],[1.587,7.078],[0.371,0.979],[5.836,3.699],[9.231,-10.263],[0.896,-1.414],[0,0],[11.874,3.558],[0,0],[15.63,2.716],[2.715,-15.63],[0,0],[12.459,-1.277],[0,0],[15.457,-3.466],[-3.466,-15.457],[0,0],[10.811,-5.914],[0,0],[12.973,-9.13],[-9.13,-12.973],[0,0],[0,0],[7.705,-9.618],[0,0],[5.027,0.087],[5.603,-8.842],[-0.847,-6.485],[-0.226,-1.012],[-6.721,-4.258],[0,0],[0,0],[3.557,-11.874],[0,0],[0,0],[2.716,-15.63],[-15.629,-2.715],[0,0],[-1.276,-12.459],[0,0],[-3.466,-15.457],[-15.458,3.466],[0,0],[-5.914,-10.812],[0,0],[-9.13,-12.973],[-12.972,9.13],[0,0],[-5.405,-5.16],[-3.699,-2.964],[0,0],[-1.587,-7.078],[-0.371,-0.979],[-2.27,-2.677],[-0.177,-0.112],[-1.127,-0.962],[-1.206,-0.641],[-8.518,13.44],[0,0],[-0.498,-0.192],[-10.59,-3.24],[-0.643,-0.16],[0,0],[-14.058,-3.827],[-0.963,-0.239],[-0.787,-0.127],[-5.93,6.033],[-0.936,5.976],[0,0],[-2.441,-0.06]],"o":[[3.131,-0.247],[0,0],[3.466,15.457],[15.457,-3.466],[0,0],[7.317,-2.551],[1.38,-0.613],[2.727,-1.371],[0,0],[0,0],[0.033,0.144],[8.582,11.882],[0.802,-0.483],[0.769,-0.628],[4.297,-3.846],[2.136,-8.066],[0,0],[9.217,-8.287],[0,0],[0,0],[13.44,8.516],[4.612,-6.497],[-1.619,-7.223],[0,0],[3.71,-7.811],[1.23,-3.31],[0,0],[0.964,0.239],[14.02,0.954],[0.047,-0.466],[0.048,-0.465],[1.69,-14.793],[-0.177,-0.112],[0,0],[0,0],[0.619,-12.125],[0,0],[4.767,-1.069],[0,0],[0.112,-0.177],[5.29,-4.828],[0.284,-2.795],[-1.943,-8.668],[-1.205,-0.64],[-0.498,-0.191],[-0.177,-0.112],[-0.642,-0.159],[-0.466,-0.047],[-0.321,-0.08],[-2.795,-0.284],[0,0],[-4.166,-11.81],[0,0],[12.572,-8.889],[-0.274,-0.545],[-0.451,-0.657],[-4.781,-5.756],[-1.397,-0.141],[-5.572,0.188],[0,0],[-0.209,-0.256],[-8.046,-8.816],[0,0],[0,0],[4.258,-6.721],[-0.195,-0.868],[-1.971,-6.082],[-12.026,-7.62],[-1.105,1.158],[0,0],[-11.042,-5.263],[0,0],[2.715,-15.63],[-15.63,-2.716],[0,0],[-12.125,-0.619],[0,0],[-3.466,-15.457],[-15.457,3.466],[0,0],[-11.811,4.165],[0,0],[-9.13,-12.974],[-12.973,9.13],[0,0],[0,0],[-9.217,8.288],[0,0],[-4.599,-2.914],[-9.764,-0.238],[-3.698,5.837],[0.05,0.899],[1.62,7.222],[0,0],[0,0],[-5.262,11.042],[0,0],[0,0],[-15.629,-2.716],[-2.716,15.63],[0,0],[-0.619,12.125],[0,0],[-15.457,3.466],[3.466,15.457],[0,0],[4.166,11.811],[0,0],[-12.973,9.13],[9.13,12.974],[0,0],[5.037,5.546],[3.619,3.285],[0,0],[-4.257,6.72],[0.259,1.156],[1.178,3.225],[0.177,0.112],[1.014,1.138],[0.948,0.849],[13.441,8.516],[0,0],[0.498,0.192],[10.013,4.733],[0.642,0.159],[0,0],[-2.477,14.665],[0.965,0.238],[0.788,0.127],[8.995,0.865],[3.797,-4.038],[0,0],[2.441,0.06],[7.355,0.323]],"v":[[15.714,241.565],[24.961,240.856],[26.484,247.646],[60.795,269.387],[82.535,235.076],[81.012,228.287],[102.416,219.542],[106.523,217.559],[114.673,213.304],[116.928,216.591],[118.522,218.965],[118.764,219.366],[156.098,227.531],[158.616,225.905],[160.924,224.021],[169.779,210.05],[165.556,185.81],[161.53,180.037],[186.931,153.251],[191.352,156.053],[192.767,156.95],[232.493,148.042],[236.642,126.628],[223.97,108.683],[217.957,104.872],[227.994,80.622],[231.332,70.466],[238.271,71.642],[241.243,72.036],[271.276,49.674],[271.562,48.245],[271.816,46.671],[248.807,15.112],[248.166,14.953],[241.37,13.747],[241.306,13.458],[240.368,-23.201],[247.156,-24.724],[259.557,-30.995],[259.67,-31.172],[260.038,-31.557],[269.443,-50.508],[268.865,-59.178],[253.749,-78.548],[250.052,-80.146],[248.59,-80.576],[247.948,-80.735],[245.875,-81.182],[244.156,-81.404],[243.048,-81.609],[234.379,-81.031],[227.589,-79.508],[212.572,-113.313],[218.202,-117.307],[226.076,-155.943],[225.142,-157.401],[223.645,-159.341],[205.319,-169.342],[201.014,-169.591],[185.046,-164.341],[179.273,-160.315],[178.47,-161.198],[152.488,-185.716],[152.712,-186.07],[156.298,-191.729],[160.095,-213.365],[159.335,-216.078],[147.389,-231.456],[110.593,-226.389],[107.663,-222.547],[103.853,-216.532],[69.447,-229.907],[70.622,-236.846],[47.225,-270.138],[13.934,-246.74],[12.725,-239.945],[-24.254,-239.088],[-25.777,-245.878],[-60.086,-267.617],[-81.827,-233.307],[-80.305,-226.518],[-114.109,-211.503],[-118.103,-217.13],[-158.197,-224.07],[-165.137,-183.977],[-162.914,-180.833],[-161.111,-178.203],[-186.511,-151.417],[-192.524,-155.227],[-207.178,-159.68],[-232.106,-146.352],[-236.341,-127.346],[-235.87,-124.568],[-223.197,-106.625],[-217.538,-103.039],[-217.184,-102.814],[-230.558,-68.409],[-233.706,-68.917],[-237.498,-69.583],[-270.789,-46.187],[-247.392,-12.896],[-240.597,-11.688],[-239.739,25.292],[-246.528,26.815],[-268.268,61.125],[-233.958,82.865],[-227.169,81.343],[-212.154,115.148],[-217.782,119.141],[-224.722,159.235],[-184.628,166.175],[-178.854,162.149],[-163.151,178.048],[-152.214,187.582],[-156.025,193.595],[-159.819,215.232],[-158.785,218.49],[-153.581,227.488],[-153.195,227.857],[-150.073,230.951],[-147.003,233.145],[-107.275,224.236],[-103.466,218.222],[-102.116,218.83],[-71.197,230.862],[-69.237,231.485],[-70.412,238.424],[-49.908,270.998],[-47.016,271.715],[-44.831,271.984],[-21.273,263.363],[-13.723,248.318],[-12.517,241.523],[-5.16,241.846]],"c":true},"ix":2},"nm":"Path 2","mn":"ADBE Vector Shape - Group","hd":false},{"ty":"mm","mm":1,"nm":"Merge Paths 1","mn":"ADBE Vector Filter - Merge","hd":false},{"ty":"fl","c":{"a":0,"k":[0.99659651214,0.89793623382,0.831973505955,1],"ix":4},"o":{"a":0,"k":100,"ix":5},"r":1,"bm":0,"nm":"Fill 1","mn":"ADBE Vector Graphic - Fill","hd":false},{"ty":"tr","p":{"a":0,"k":[273.755,273.104],"ix":2},"a":{"a":0,"k":[0,0],"ix":1},"s":{"a":0,"k":[100,100],"ix":3},"r":{"a":0,"k":0,"ix":6},"o":{"a":0,"k":100,"ix":7},"sk":{"a":0,"k":0,"ix":4},"sa":{"a":0,"k":0,"ix":5},"nm":"Transform"}],"nm":"Group 2","np":4,"cix":2,"bm":0,"ix":2,"mn":"ADBE Vector Group","hd":false}],"ip":0,"op":1800,"st":0,"bm":0},{"ddd":0,"ind":7,"ty":4,"nm":"Layer 22 Outlines","sr":1,"ks":{"o":{"a":0,"k":100,"ix":11},"r":{"a":1,"k":[{"i":{"x":[0.667],"y":[1]},"o":{"x":[0.333],"y":[0]},"t":0,"s":[0]},{"i":{"x":[0.667],"y":[1]},"o":{"x":[0.333],"y":[0]},"t":121,"s":[90]},{"t":240,"s":[0]}],"ix":10},"p":{"a":0,"k":[720.913,825.072,0],"ix":2,"l":2},"a":{"a":0,"k":[134.455,134.381,0],"ix":1,"l":2},"s":{"a":0,"k":[100,100,100],"ix":6,"l":2}},"ao":0,"shapes":[{"ty":"gr","it":[{"ind":0,"ty":"sh","ix":1,"ks":{"a":0,"k":{"i":[[23.244,0],[0,23.243],[-23.243,0],[0,-23.244]],"o":[[-23.243,0],[0,-23.244],[23.244,0],[0,23.243]],"v":[[-0.074,42.046],[-42.268,-0.148],[-0.074,-42.342],[42.12,-0.148]],"c":true},"ix":2},"nm":"Path 1","mn":"ADBE Vector Shape - Group","hd":false},{"ind":1,"ty":"sh","ix":2,"ks":{"a":0,"k":{"i":[[4.293,0.74],[0,0],[0,1.332],[0.148,1.332],[0,0],[-1.333,1.776],[0.296,2.073],[0,0],[4.293,-0.592],[0,0],[0.888,2.517],[0,0],[-0.74,2.073],[0.74,1.925],[0,0],[2.073,0.741],[1.924,-0.74],[0,0],[1.481,2.221],[0,0],[2.813,3.257],[0,0],[3.257,-2.813],[0,0],[2.072,1.629],[0,0],[0.444,2.072],[1.776,1.037],[0,0],[2.073,-0.444],[1.036,-1.777],[0,0],[2.517,1.036],[0,0],[0.888,1.777],[2.073,0.592],[0,0],[1.777,-0.888],[0.592,-2.073],[0,0],[2.665,0.296],[0,0],[4.294,0],[0,0],[0,-4.293],[0,0],[2.517,-0.592],[0,0],[1.777,1.037],[1.925,-0.592],[0,0],[1.037,-1.777],[-0.592,-1.925],[0,0],[2.369,-1.184],[0,0],[3.553,-2.369],[0,0],[0.444,-2.073],[-1.036,-1.777],[0,0],[2.072,-1.777],[0,0],[2.813,-3.258],[0,0],[-3.257,-2.813],[0,0],[1.333,-2.221],[0,0],[2.072,-0.74],[0.889,-1.925],[0,0],[-0.74,-2.073],[-1.924,-0.888],[0,0],[0.593,-2.665],[0,0],[1.629,-1.185],[0.297,-2.073],[0,0],[-1.185,-1.629],[-2.072,-0.296],[0,0],[0,-1.332],[-0.148,-1.332],[0,0],[-0.592,-4.294],[0,0],[-1.776,-1.332],[-1.777,0],[-0.444,0.148],[0,0],[-0.888,-2.516],[0,0],[-1.776,-3.849],[0,0],[-2.073,-0.74],[-1.037,0],[-1.037,0.445],[0,0],[-1.481,-2.22],[0,0],[0.148,-2.072],[-1.333,-1.628],[0,0],[-2.073,-0.148],[0,0],[-1.481,1.184],[0,0],[-2.073,-1.629],[0,0],[-3.701,-2.369],[0,0],[-1.48,0],[-0.444,0.148],[-1.036,1.777],[0,0],[-2.517,-1.036],[0,0],[-0.888,-1.777],[-2.073,-0.592],[0,0],[-0.74,0],[-1.036,3.405],[0,0],[-2.664,-0.296],[0,0],[-4.293,0],[0,0],[0,4.293],[0,0],[-2.517,0.592],[0,0],[-3.405,0],[-0.74,0.148],[0,0],[-1.036,1.776],[0.593,1.925],[0,0],[-2.369,1.184],[0,0],[-2.073,-0.444],[-0.444,0],[-1.333,0.74],[0,0],[-0.444,2.073],[1.036,1.777],[0,0],[-2.073,1.777],[0,0],[-1.924,0],[0,0],[-1.332,1.629],[0,0],[3.257,2.813],[0,0],[-1.332,2.221],[0,0],[-1.037,0],[-1.332,2.813],[0,0],[3.849,1.776],[0,0],[-0.592,2.665],[0,0],[-0.445,0],[-0.444,3.85],[0,0]],"o":[[0,0],[0,-1.332],[0,-1.333],[0,0],[2.073,-0.296],[1.184,-1.629],[0,0],[-0.592,-4.293],[0,0],[-0.592,-2.517],[0,0],[1.924,-0.888],[0.74,-1.925],[0,0],[-0.888,-1.925],[-1.924,-0.74],[0,0],[-1.333,-2.221],[0,0],[3.257,-2.813],[0,0],[-2.813,-3.257],[0,0],[-1.924,-1.777],[0,0],[1.185,-1.777],[-0.444,-2.073],[0,0],[-1.776,-1.185],[-2.072,0.445],[0,0],[-2.369,-1.184],[0,0],[0.592,-2.073],[-1.036,-1.777],[0,0],[-2.073,-0.592],[-1.776,1.037],[0,0],[-2.664,-0.444],[0,0],[0,-4.293],[0,0],[-4.294,0],[0,0],[-2.665,0.296],[0,0],[-0.592,-2.073],[-1.776,-1.036],[0,0],[-2.073,0.592],[-1.036,1.777],[0,0],[-2.516,1.036],[0,0],[-2.368,-3.702],[0,0],[-1.777,1.185],[-0.445,2.072],[0,0],[-2.073,1.629],[0,0],[-3.257,-2.813],[0,0],[-2.813,3.258],[0,0],[-1.481,2.221],[0,0],[-1.925,-0.888],[-1.925,0.741],[0,0],[-0.888,1.925],[0.74,1.925],[0,0],[-0.888,2.516],[0,0],[-2.072,-0.296],[-1.628,1.184],[0,0],[-0.296,2.073],[1.184,1.628],[0,0],[0,1.332],[0,1.332],[0,0],[-4.293,0.592],[0,0],[0.297,2.073],[1.333,1.036],[0.444,0],[0,0],[0.593,2.517],[0,0],[-3.997,1.776],[0,0],[0.889,1.925],[0.888,0.297],[1.036,0],[0,0],[1.333,2.221],[0,0],[-1.629,1.332],[-0.148,2.073],[0,0],[1.333,1.629],[0,0],[1.925,0],[0,0],[1.924,1.777],[0,0],[-2.369,3.701],[0,0],[1.332,0.888],[0.593,0],[2.073,-0.444],[0,0],[2.369,1.184],[0,0],[-0.592,2.073],[1.037,1.776],[0,0],[0.741,0.148],[3.405,0],[0,0],[2.665,0.444],[0,0],[0,4.293],[0,0],[4.293,0],[0,0],[2.665,-0.296],[0,0],[1.036,3.405],[0.741,0],[0,0],[2.072,-0.592],[1.037,-1.777],[0,0],[2.517,-1.036],[0,0],[1.184,1.777],[0.592,0.148],[1.481,0],[0,0],[1.776,-1.185],[0.444,-2.073],[0,0],[2.072,-1.629],[0,0],[1.48,1.184],[0,0],[2.073,-0.148],[0,0],[2.813,-3.257],[0,0],[1.48,-2.22],[0,0],[1.036,0.445],[2.961,0],[0,0],[1.777,-3.997],[0,0],[0.889,-2.516],[0,0],[0.444,0],[3.849,0],[0,0],[-0.148,-4.59]],"v":[[126.803,6.07],[110.962,3.849],[111.11,-0.148],[110.962,-4.145],[126.803,-6.366],[131.985,-9.475],[133.465,-15.249],[132.281,-23.244],[123.398,-29.906],[107.557,-27.685],[105.336,-35.384],[119.845,-42.046],[123.99,-46.487],[123.842,-52.557],[120.437,-59.811],[115.995,-63.957],[109.926,-63.809],[95.417,-57.146],[91.123,-63.809],[103.263,-74.32],[104.004,-85.424],[98.674,-91.494],[87.57,-92.234],[75.578,-81.426],[69.509,-86.608],[78.243,-100.08],[79.28,-106.002],[75.875,-110.888],[69.064,-115.181],[63.142,-116.218],[58.257,-112.812],[49.522,-99.34],[42.268,-102.597],[46.709,-117.994],[46.117,-123.916],[41.379,-127.617],[33.681,-129.838],[27.759,-129.246],[24.058,-124.508],[19.616,-109.111],[11.77,-110.296],[11.77,-126.285],[3.923,-134.131],[-4.071,-134.131],[-11.918,-126.285],[-11.918,-110.296],[-19.764,-109.111],[-24.206,-124.508],[-27.907,-129.246],[-33.829,-129.838],[-41.527,-127.617],[-46.265,-123.916],[-46.857,-117.994],[-42.416,-102.597],[-49.67,-99.34],[-58.257,-112.812],[-69.064,-115.181],[-75.874,-110.888],[-79.279,-106.002],[-78.243,-100.08],[-69.508,-86.608],[-75.578,-81.426],[-87.718,-91.938],[-98.822,-91.197],[-104.151,-85.128],[-103.411,-74.024],[-91.271,-63.513],[-95.565,-56.85],[-110.073,-63.513],[-116.143,-63.661],[-120.585,-59.515],[-123.99,-52.261],[-124.138,-46.191],[-119.993,-41.75],[-105.484,-35.087],[-107.705,-27.389],[-123.546,-29.61],[-129.32,-28.129],[-132.429,-22.947],[-133.613,-14.953],[-132.132,-9.179],[-126.951,-6.07],[-111.11,-3.849],[-111.258,0.148],[-111.11,4.145],[-126.951,6.366],[-133.613,15.249],[-132.429,23.243],[-129.32,28.425],[-124.582,30.054],[-123.398,29.906],[-107.557,27.685],[-105.336,35.383],[-119.845,42.046],[-123.694,52.409],[-120.289,59.663],[-115.847,63.808],[-113.034,64.253],[-109.777,63.512],[-95.269,56.85],[-90.975,63.512],[-103.115,74.024],[-105.78,79.353],[-103.855,85.127],[-98.526,91.197],[-93.196,93.862],[-92.604,93.862],[-87.422,91.938],[-75.282,81.426],[-69.212,86.608],[-77.947,100.08],[-75.578,110.888],[-68.768,115.181],[-64.475,116.365],[-62.846,116.217],[-57.961,112.812],[-49.374,99.34],[-42.119,102.597],[-46.561,117.994],[-45.969,123.916],[-41.231,127.617],[-33.533,129.838],[-31.312,130.134],[-23.762,124.508],[-19.32,109.111],[-11.474,110.295],[-11.474,126.285],[-3.627,134.131],[4.368,134.131],[12.214,126.285],[12.214,110.295],[20.061,109.111],[24.502,124.508],[32.052,130.134],[34.273,129.838],[41.972,127.617],[46.709,123.916],[47.301,117.994],[42.86,102.597],[50.114,99.34],[58.849,112.812],[63.735,116.217],[65.363,116.365],[69.657,115.181],[76.467,110.888],[79.872,106.002],[78.836,100.08],[70.101,86.608],[76.171,81.426],[88.311,91.938],[93.492,93.862],[94.084,93.862],[99.414,91.197],[104.744,85.127],[104.004,74.024],[91.864,63.512],[96.157,56.85],[110.666,63.512],[113.923,64.253],[121.029,59.663],[124.434,52.409],[120.585,42.046],[106.076,35.383],[108.297,27.685],[124.138,29.906],[125.323,30.054],[133.021,23.391],[134.205,15.397]],"c":true},"ix":2},"nm":"Path 2","mn":"ADBE Vector Shape - Group","hd":false},{"ty":"mm","mm":1,"nm":"Merge Paths 1","mn":"ADBE Vector Filter - Merge","hd":false},{"ty":"fl","c":{"a":0,"k":[0.995436425303,0.68481391458,0.46351629519,1],"ix":4},"o":{"a":0,"k":100,"ix":5},"r":1,"bm":0,"nm":"Fill 1","mn":"ADBE Vector Graphic - Fill","hd":false},{"ty":"tr","p":{"a":0,"k":[134.455,134.381],"ix":2},"a":{"a":0,"k":[0,0],"ix":1},"s":{"a":0,"k":[100,100],"ix":3},"r":{"a":0,"k":0,"ix":6},"o":{"a":0,"k":100,"ix":7},"sk":{"a":0,"k":0,"ix":4},"sa":{"a":0,"k":0,"ix":5},"nm":"Transform"}],"nm":"Group 1","np":4,"cix":2,"bm":0,"ix":1,"mn":"ADBE Vector Group","hd":false}],"ip":0,"op":1800,"st":0,"bm":0},{"ddd":0,"ind":8,"ty":4,"nm":"Layer 23 Outlines","sr":1,"ks":{"o":{"a":0,"k":100,"ix":11},"r":{"a":0,"k":0,"ix":10},"p":{"a":0,"k":[1022.488,355.316,0],"ix":2,"l":2},"a":{"a":0,"k":[408.389,192.018,0],"ix":1,"l":2},"s":{"a":0,"k":[100,100,100],"ix":6,"l":2}},"ao":0,"shapes":[{"ty":"gr","it":[{"ind":0,"ty":"sh","ix":1,"ks":{"a":0,"k":{"i":[[22.65,22.651],[15.7,2.813],[26.2,4.886],[35.38,6.662],[40.272,7.551],[37.752,6.958],[27.981,5.181],[10.808,2.072],[10.363,0.148],[10.067,-1.776],[9.623,-3.553],[1.333,-0.592],[0,0],[0,0],[-30.053,5.034],[-2.072,0.444],[-2.961,0.444],[-18.951,3.553],[0,0],[0,0],[-37.31,6.959],[-29.02,5.33],[-26.2,9.031],[-6.81,5.33]],"o":[[-11.55,-11.548],[-26.2,-4.738],[-35.38,-6.662],[-40.27,-7.551],[-37.752,-7.106],[-27.981,-5.182],[-10.808,-2.073],[-10.215,-1.925],[-10.215,-0.149],[-10.215,1.777],[-1.333,0.444],[0,0],[0,0],[28.574,11.695],[2.073,-0.296],[2.961,-0.593],[18.95,-3.553],[0,0],[0,0],[37.3,-6.958],[29.02,-5.477],[27.09,-5.033],[8.15,-2.813],[26.06,-21.023]],"v":[[357.902,-43.97],[314.522,-62.92],[236.062,-77.281],[130.062,-97.119],[9.4,-119.771],[-103.856,-140.941],[-187.947,-156.634],[-220.518,-162.704],[-251.46,-165.961],[-282.106,-163.445],[-311.863,-155.302],[-315.861,-153.674],[-382.482,-1.332],[-315.861,151.009],[-225.996,161.076],[-219.926,159.892],[-210.895,158.263],[-153.896,147.604],[-60.034,129.986],[52.042,108.963],[163.962,88.088],[251.162,72.395],[333.472,54.778],[356.422,42.934]],"c":true},"ix":2},"nm":"Path 1","mn":"ADBE Vector Shape - Group","hd":false},{"ty":"st","c":{"a":0,"k":[0.995436425303,0.68481391458,0.46351629519,1],"ix":3},"o":{"a":0,"k":100,"ix":4},"w":{"a":0,"k":10.363,"ix":5},"lc":2,"lj":2,"bm":0,"nm":"Stroke 1","mn":"ADBE Vector Graphic - Stroke","hd":false},{"ty":"tr","p":{"a":0,"k":[408.389,192.018],"ix":2},"a":{"a":0,"k":[0,0],"ix":1},"s":{"a":0,"k":[100,100],"ix":3},"r":{"a":0,"k":0,"ix":6},"o":{"a":0,"k":100,"ix":7},"sk":{"a":0,"k":0,"ix":4},"sa":{"a":0,"k":0,"ix":5},"nm":"Transform"}],"nm":"Group 1","np":2,"cix":2,"bm":0,"ix":1,"mn":"ADBE Vector Group","hd":false}],"ip":0,"op":1800,"st":0,"bm":0},{"ddd":0,"ind":9,"ty":4,"nm":"Layer 24 Outlines","sr":1,"ks":{"o":{"a":0,"k":100,"ix":11},"r":{"a":0,"k":0,"ix":10},"p":{"a":0,"k":[817.294,353.984,0],"ix":2,"l":2},"a":{"a":0,"k":[123.544,175.583,0],"ix":1,"l":2},"s":{"a":0,"k":[100,100,100],"ix":6,"l":2}},"ao":0,"shapes":[{"ty":"gr","it":[{"ind":0,"ty":"sh","ix":1,"ks":{"a":0,"k":{"i":[[90.605,0],[18.654,-7.402],[0,0],[-21.319,0],[0,90.754]],"o":[[-21.319,0],[0,0],[18.654,7.402],[90.605,0],[0,-90.753]],"v":[[-52.039,-164.481],[-112.442,-152.933],[-112.442,152.934],[-52.039,164.481],[112.442,0]],"c":true},"ix":2},"nm":"Path 1","mn":"ADBE Vector Shape - Group","hd":false},{"ty":"st","c":{"a":0,"k":[0.280324210373,0.552074417413,0.873607441023,1],"ix":3},"o":{"a":0,"k":100,"ix":4},"w":{"a":0,"k":4.441,"ix":5},"lc":1,"lj":1,"ml":10,"bm":0,"nm":"Stroke 1","mn":"ADBE Vector Graphic - Stroke","hd":false},{"ty":"tr","p":{"a":0,"k":[123.544,175.583],"ix":2},"a":{"a":0,"k":[0,0],"ix":1},"s":{"a":0,"k":[100,100],"ix":3},"r":{"a":0,"k":0,"ix":6},"o":{"a":0,"k":100,"ix":7},"sk":{"a":0,"k":0,"ix":4},"sa":{"a":0,"k":0,"ix":5},"nm":"Transform"}],"nm":"Group 1","np":2,"cix":2,"bm":0,"ix":1,"mn":"ADBE Vector Group","hd":false}],"ip":0,"op":1800,"st":0,"bm":0},{"ddd":0,"ind":10,"ty":4,"nm":"Layer 25 Outlines","sr":1,"ks":{"o":{"a":0,"k":100,"ix":11},"r":{"a":1,"k":[{"i":{"x":[0.667],"y":[1]},"o":{"x":[0.333],"y":[0]},"t":0,"s":[0]},{"i":{"x":[0.667],"y":[1]},"o":{"x":[0.333],"y":[0]},"t":121,"s":[-120]},{"t":240,"s":[0]}],"ix":10},"p":{"a":0,"k":[768.328,350.951,0],"ix":2,"l":2},"a":{"a":0,"k":[249.926,248.745,0],"ix":1,"l":2},"s":{"a":0,"k":[100,100,100],"ix":6,"l":2}},"ao":0,"shapes":[{"ty":"gr","it":[{"ind":0,"ty":"sh","ix":1,"ks":{"a":0,"k":{"i":[[42,65.927],[-9.679,36.884],[0,0],[-31.406,20.008],[-41.92,-65.803],[9.679,-36.884],[0,0],[31.382,-19.993]],"o":[[-22.034,-34.587],[0,0],[8.691,-33.453],[65.928,-41.999],[22.034,34.586],[0,0],[-8.693,33.439],[-65.928,41.999]],"v":[[-119.257,76.098],[-136.639,-36.055],[-137.307,-35.63],[-76.363,-119.469],[119.255,-76.098],[136.638,36.054],[137.258,35.66],[76.362,119.468]],"c":true},"ix":2},"nm":"Path 1","mn":"ADBE Vector Shape - Group","hd":false},{"ind":1,"ty":"sh","ix":2,"ks":{"a":0,"k":{"i":[[1.057,2.487],[0,0],[-5.369,3.42],[-5.006,3.715],[0,0],[-2.133,1.886],[0,0],[1.886,2.134],[0,0],[-7.399,10.154],[0,0],[-1.486,2.352],[0,0],[2.352,1.486],[0,0],[-4.229,11.822],[0,0],[-0.714,2.735],[0,0],[2.737,0.715],[0,0],[-0.755,12.592],[0,0],[0.025,2.793],[0,0],[2.794,-0.024],[0,0],[2.814,12.402],[0,0],[-0.31,0.171],[0.744,2.437],[0,0],[2.645,-0.807],[0,0],[6.216,11.136],[0,0],[1.512,2.373],[0,0],[2.264,-1.045],[0.329,-0.21],[0,0],[8.801,8.589],[0,0],[2.056,1.85],[0,0],[1.791,-0.928],[0.532,-0.59],[0,0],[9.283,5.257],[0,0],[1.652,0.885],[0,0],[2.521,1.203],[0,0],[1.203,-2.522],[0,0],[12.31,2.514],[0,0],[2.703,0.384],[0,0],[0.384,-2.703],[0,0],[12.547,-0.972],[0,0],[2.759,-0.354],[0,0],[-0.353,-2.758],[0,0],[11.841,-4.559],[0,0],[2.611,-1.137],[0,0],[-1.137,-2.611],[0,0],[5.369,-3.42],[4.926,-3.841],[0,0],[2.214,-1.761],[0,0],[-1.886,-2.134],[0,0],[7.274,-10.075],[0,0],[1.485,-2.352],[0,0],[-2.351,-1.487],[0,0],[4.229,-11.822],[0,0],[0.794,-2.612],[0,0],[-2.612,-0.793],[0,0],[0.755,-12.592],[0,0],[-0.023,-2.793],[0,0],[-2.794,0.023],[0,0],[-2.735,-12.277],[0,0],[0.31,-0.17],[-0.744,-2.437],[0,0],[-2.646,0.807],[0,0],[-6.216,-11.136],[0,0],[-1.512,-2.372],[0,0],[-2.264,1.045],[-0.328,0.209],[0,0],[-8.801,-8.588],[0,0],[-2.056,-1.85],[0,0],[-1.791,0.929],[-0.532,0.591],[0,0],[-9.205,-5.133],[0,0],[-1.665,-0.883],[0,0],[-2.521,-1.202],[0,0],[-1.202,2.522],[0,0],[-12.185,-2.594],[0,0],[-2.703,-0.384],[0,0],[-0.384,2.703],[0,0],[-12.546,0.971],[0,0],[-2.759,0.354],[0,0],[0.352,2.759],[0,0],[-11.841,4.559],[0,0],[-2.611,1.137],[0,0]],"o":[[0,0],[5.563,-2.841],[5.369,-3.421],[0,0],[1.886,2.134],[0,0],[2.134,-1.885],[0,0],[9.136,-8.804],[0,0],[2.35,1.486],[0,0],[1.487,-2.351],[0,0],[6.184,-10.961],[0,0],[2.612,0.794],[0,0],[0.794,-2.612],[0,0],[2.923,-12.22],[0,0],[2.794,-0.024],[0,0],[-0.025,-2.794],[0,0],[-0.686,-12.356],[0,0],[0.35,-0.107],[2.275,-1.015],[0,0],[-0.807,-2.645],[0,0],[-4.071,-11.626],[0,0],[2.373,-1.512],[0,0],[-1.383,-2.171],[-0.349,0.127],[0,0],[-7.455,-10.321],[0,0],[1.85,-2.056],[0,0],[-1.58,-1.421],[-0.691,0.287],[0,0],[-8.486,-6.459],[0,0],[-1.638,-0.927],[0,0],[1.202,-2.522],[0,0],[-2.521,-1.202],[0,0],[-11.731,-4.639],[0,0],[0.509,-2.783],[0,0],[-2.782,-0.509],[0,0],[-12.502,-1.164],[0,0],[-0.353,-2.76],[0,0],[-2.76,0.353],[0,0],[-12.33,2.413],[0,0],[-1.137,-2.611],[0,0],[-2.611,1.137],[0,0],[-5.483,2.966],[-5.369,3.421],[0,0],[-1.808,-2.008],[0,0],[-2.134,1.885],[0,0],[-9.136,8.805],[0,0],[-2.351,-1.485],[0,0],[-1.487,2.351],[0,0],[-6.182,10.96],[0,0],[-2.612,-0.794],[0,0],[-0.794,2.612],[0,0],[-2.799,12.14],[0,0],[-2.793,0.024],[0,0],[0.023,2.793],[0,0],[0.641,12.561],[0,0],[-0.35,0.107],[-2.275,1.016],[0,0],[0.807,2.645],[0,0],[4.07,11.625],[0,0],[-2.372,1.511],[0,0],[1.383,2.17],[0.349,-0.126],[0,0],[7.456,10.32],[0,0],[-1.85,2.056],[0,0],[1.58,1.422],[0.691,-0.287],[0,0],[8.565,6.582],[0,0],[1.637,0.924],[0,0],[-1.203,2.522],[0,0],[2.521,1.202],[0,0],[11.732,4.638],[0,0],[-0.385,2.703],[0,0],[2.703,0.384],[0,0],[12.501,1.163],[0,0],[0.354,2.759],[0,0],[2.758,-0.353],[0,0],[12.205,-2.334],[0,0],[1.137,2.611],[0,0],[2.531,-1.262]],"v":[[112.643,217.475],[102.981,196.246],[119.236,186.769],[134.696,176.042],[149.852,193.771],[157.028,194.289],[168.821,184.143],[169.34,176.968],[154.263,159.363],[179.003,130.965],[198.494,143.65],[205.464,142.192],[213.826,129.142],[212.369,122.171],[192.878,109.486],[208.497,75.312],[230.824,81.977],[237.056,78.535],[241.431,63.634],[237.988,57.402],[215.661,50.737],[221.116,13.559],[244.484,13.592],[249.557,8.605],[249.675,-6.916],[244.687,-11.99],[221.444,-12.104],[216.317,-49.321],[238.263,-55.719],[239.251,-56.142],[242.074,-62.109],[237.785,-77.106],[231.573,-80.521],[209.218,-74.003],[193.748,-108.208],[213.351,-120.696],[214.892,-127.646],[206.54,-140.756],[200.215,-142.614],[199.194,-142.12],[179.949,-129.86],[155.525,-158.286],[170.88,-175.791],[170.411,-182.865],[158.631,-193.09],[153.029,-193.746],[151.161,-192.444],[136.058,-175.224],[109.466,-192.838],[109.13,-192.625],[104.197,-195.35],[113.917,-216.463],[111.427,-223.128],[97.31,-229.582],[90.646,-227.091],[80.8,-205.898],[44.801,-216.667],[48.196,-239.719],[44.003,-245.474],[28.65,-247.806],[22.896,-243.613],[19.5,-220.561],[-18.072,-220.849],[-21.331,-243.875],[-27.034,-248.141],[-42.395,-246.079],[-46.662,-240.377],[-43.403,-217.351],[-79.597,-206.932],[-89.18,-228.036],[-95.902,-230.599],[-110.081,-224.199],[-112.644,-217.476],[-102.982,-196.247],[-119.238,-186.77],[-134.697,-176.043],[-149.853,-193.772],[-157.03,-194.29],[-168.822,-184.144],[-169.342,-176.968],[-154.265,-159.364],[-179.004,-130.966],[-198.495,-143.651],[-205.466,-142.193],[-213.828,-129.143],[-212.372,-122.171],[-192.881,-109.486],[-208.499,-75.313],[-230.826,-81.978],[-237.058,-78.535],[-241.434,-63.635],[-237.99,-57.403],[-215.663,-50.737],[-221.118,-13.559],[-244.486,-13.593],[-249.56,-8.606],[-249.676,6.916],[-244.689,11.99],[-221.446,12.103],[-216.319,49.32],[-238.265,55.718],[-239.253,56.141],[-242.076,62.108],[-237.787,77.105],[-231.574,80.52],[-209.22,74.003],[-193.75,108.207],[-213.353,120.696],[-214.894,127.645],[-206.542,140.756],[-200.217,142.613],[-199.196,142.12],[-179.951,129.86],[-155.528,158.285],[-170.882,175.79],[-170.413,182.864],[-158.633,193.089],[-153.031,193.745],[-151.163,192.443],[-136.06,175.224],[-109.467,192.837],[-109.147,192.633],[-104.199,195.35],[-113.919,216.463],[-111.429,223.127],[-97.312,229.581],[-90.648,227.09],[-80.803,205.898],[-44.803,216.667],[-48.198,239.719],[-44.005,245.474],[-28.652,247.806],[-22.898,243.612],[-19.502,220.561],[18.07,220.849],[21.329,243.875],[27.032,248.141],[42.394,246.078],[46.661,240.376],[43.402,217.35],[79.595,206.932],[89.177,228.036],[95.901,230.598],[110.08,224.198]],"c":true},"ix":2},"nm":"Path 2","mn":"ADBE Vector Shape - Group","hd":false},{"ty":"mm","mm":1,"nm":"Merge Paths 1","mn":"ADBE Vector Filter - Merge","hd":false},{"ty":"fl","c":{"a":0,"k":[0.996372417375,0.576930984796,0.137190111946,1],"ix":4},"o":{"a":0,"k":100,"ix":5},"r":1,"bm":0,"nm":"Fill 1","mn":"ADBE Vector Graphic - Fill","hd":false},{"ty":"tr","p":{"a":0,"k":[249.926,248.745],"ix":2},"a":{"a":0,"k":[0,0],"ix":1},"s":{"a":0,"k":[100,100],"ix":3},"r":{"a":0,"k":0,"ix":6},"o":{"a":0,"k":100,"ix":7},"sk":{"a":0,"k":0,"ix":4},"sa":{"a":0,"k":0,"ix":5},"nm":"Transform"}],"nm":"Group 1","np":4,"cix":2,"bm":0,"ix":1,"mn":"ADBE Vector Group","hd":false}],"ip":0,"op":1800,"st":0,"bm":0},{"ddd":0,"ind":11,"ty":4,"nm":"Layer 26 Outlines","sr":1,"ks":{"o":{"a":0,"k":100,"ix":11},"r":{"a":1,"k":[{"i":{"x":[0.667],"y":[1]},"o":{"x":[0.333],"y":[0]},"t":0,"s":[0]},{"i":{"x":[0.667],"y":[1]},"o":{"x":[0.333],"y":[0]},"t":121,"s":[120]},{"t":240,"s":[0]}],"ix":10},"p":{"a":0,"k":[1336.42,353.984,0],"ix":2,"l":2},"a":{"a":0,"k":[143.86,144.152,0],"ix":1,"l":2},"s":{"a":0,"k":[100,100,100],"ix":6,"l":2}},"ao":0,"shapes":[{"ty":"gr","it":[{"ind":0,"ty":"sh","ix":1,"ks":{"a":0,"k":{"i":[[5.48,-5.626],[-5.47,-5.626],[-5.63,5.478],[5.48,5.626]],"o":[[-5.47,5.478],[5.48,5.478],[5.48,-5.478],[-5.63,-5.626]],"v":[[-72.84,-72.839],[-72.84,-52.705],[-52.7,-52.705],[-52.7,-72.839]],"c":true},"ix":2},"nm":"Path 1","mn":"ADBE Vector Shape - Group","hd":false},{"ind":1,"ty":"sh","ix":2,"ks":{"a":0,"k":{"i":[[5.62,-5.478],[-5.48,-5.626],[-5.62,5.477],[5.48,5.626]],"o":[[-5.48,5.478],[5.48,5.477],[5.48,-5.478],[-5.62,-5.478]],"v":[[52.71,52.705],[52.71,72.84],[72.84,72.84],[72.84,52.705]],"c":true},"ix":2},"nm":"Path 2","mn":"ADBE Vector Shape - Group","hd":false},{"ind":2,"ty":"sh","ix":3,"ks":{"a":0,"k":{"i":[[7.85,0],[0,-7.846],[-7.84,0],[0,7.847]],"o":[[-7.84,0],[0,7.847],[7.85,0],[0,-7.846]],"v":[[-88.83,-14.212],[-103.04,0],[-88.83,14.213],[-74.61,0]],"c":true},"ix":2},"nm":"Path 3","mn":"ADBE Vector Shape - Group","hd":false},{"ind":3,"ty":"sh","ix":4,"ks":{"a":0,"k":{"i":[[7.85,0],[0,-7.846],[-7.84,0],[0,7.847]],"o":[[-7.84,0],[0,7.847],[7.85,0],[0,-7.846]],"v":[[88.83,-14.212],[74.62,0],[88.83,14.213],[103.04,0]],"c":true},"ix":2},"nm":"Path 4","mn":"ADBE Vector Shape - Group","hd":false},{"ind":4,"ty":"sh","ix":5,"ks":{"a":0,"k":{"i":[[5.48,-5.478],[-5.47,-5.626],[-5.63,5.477],[5.48,5.626]],"o":[[-5.47,5.478],[5.48,5.477],[5.48,-5.478],[-5.63,-5.478]],"v":[[-72.84,52.705],[-72.84,72.84],[-52.7,72.84],[-52.7,52.705]],"c":true},"ix":2},"nm":"Path 5","mn":"ADBE Vector Shape - Group","hd":false},{"ind":5,"ty":"sh","ix":6,"ks":{"a":0,"k":{"i":[[-5.62,5.626],[5.48,5.626],[5.62,-5.478],[-5.48,-5.626]],"o":[[5.48,-5.478],[-5.48,-5.478],[-5.48,5.477],[5.62,5.626]],"v":[[72.84,-52.853],[72.84,-72.987],[52.71,-72.987],[52.71,-52.853]],"c":true},"ix":2},"nm":"Path 6","mn":"ADBE Vector Shape - Group","hd":false},{"ind":6,"ty":"sh","ix":7,"ks":{"a":0,"k":{"i":[[7.85,0],[0,-7.847],[-7.84,0],[0,7.846]],"o":[[-7.84,0],[0,7.846],[7.85,0],[0,-7.847]],"v":[[0,74.616],[-14.21,88.829],[0,103.041],[14.22,88.829]],"c":true},"ix":2},"nm":"Path 7","mn":"ADBE Vector Shape - Group","hd":false},{"ind":7,"ty":"sh","ix":8,"ks":{"a":0,"k":{"i":[[7.85,0],[0,-7.847],[-7.84,0],[0,7.846]],"o":[[-7.84,0],[0,7.846],[7.85,0],[0,-7.847]],"v":[[0,-103.041],[-14.21,-88.828],[0,-74.616],[14.22,-88.828]],"c":true},"ix":2},"nm":"Path 8","mn":"ADBE Vector Shape - Group","hd":false},{"ty":"mm","mm":1,"nm":"Merge Paths 1","mn":"ADBE Vector Filter - Merge","hd":false},{"ty":"fl","c":{"a":0,"k":[0.263776861453,0.342777356914,0.686201387293,1],"ix":4},"o":{"a":0,"k":100,"ix":5},"r":1,"bm":0,"nm":"Fill 1","mn":"ADBE Vector Graphic - Fill","hd":false},{"ty":"tr","p":{"a":0,"k":[143.86,144.153],"ix":2},"a":{"a":0,"k":[0,0],"ix":1},"s":{"a":0,"k":[100,100],"ix":3},"r":{"a":0,"k":0,"ix":6},"o":{"a":0,"k":100,"ix":7},"sk":{"a":0,"k":0,"ix":4},"sa":{"a":0,"k":0,"ix":5},"nm":"Transform"}],"nm":"Group 1","np":10,"cix":2,"bm":0,"ix":1,"mn":"ADBE Vector Group","hd":false},{"ty":"gr","it":[{"ind":0,"ty":"sh","ix":1,"ks":{"a":0,"k":{"i":[[4.59,0],[0,0],[0,-4.737],[0,0],[-4.74,0],[0,0],[0,4.738],[0,0]],"o":[[0,0],[-4.59,0],[0,0],[0,4.59],[0,0],[4.59,0],[0,0],[0,-4.589]],"v":[[4.3,-19.024],[-4.29,-19.024],[-12.73,-10.586],[-12.73,10.585],[-4.29,19.024],[4.3,19.024],[12.73,10.585],[12.73,-10.586]],"c":true},"ix":2},"nm":"Path 1","mn":"ADBE Vector Shape - Group","hd":false},{"ty":"fl","c":{"a":0,"k":[1,0.442711474849,0.118584045709,1],"ix":4},"o":{"a":0,"k":100,"ix":5},"r":1,"bm":0,"nm":"Fill 1","mn":"ADBE Vector Graphic - Fill","hd":false},{"ty":"tr","p":{"a":0,"k":[143.86,269.031],"ix":2},"a":{"a":0,"k":[0,0],"ix":1},"s":{"a":0,"k":[100,100],"ix":3},"r":{"a":0,"k":0,"ix":6},"o":{"a":0,"k":100,"ix":7},"sk":{"a":0,"k":0,"ix":4},"sa":{"a":0,"k":0,"ix":5},"nm":"Transform"}],"nm":"Group 2","np":2,"cix":2,"bm":0,"ix":2,"mn":"ADBE Vector Group","hd":false},{"ty":"gr","it":[{"ind":0,"ty":"sh","ix":1,"ks":{"a":0,"k":{"i":[[2.22,0.741],[0,0],[1.92,-1.185],[0.59,-2.22],[0,0],[-1.19,-1.925],[-2.22,-0.592],[0,0],[-0.74,0],[-1.03,3.701],[0,0],[1.18,1.924]],"o":[[0,0],[-2.22,-0.593],[-1.93,1.036],[0,0],[-0.6,2.221],[1.03,1.925],[0,0],[0.74,0.296],[3.7,0],[0,0],[0.59,-2.221],[-1.04,-1.925]],"v":[[9.4,-16.878],[1.11,-19.245],[-5.25,-18.505],[-9.25,-13.472],[-15.17,6.811],[-14.43,13.177],[-9.4,17.174],[-1.11,19.543],[1.26,19.839],[9.25,13.769],[15.18,-6.513],[14.44,-12.879]],"c":true},"ix":2},"nm":"Path 1","mn":"ADBE Vector Shape - Group","hd":false},{"ty":"fl","c":{"a":0,"k":[1,0.442711474849,0.118584045709,1],"ix":4},"o":{"a":0,"k":100,"ix":5},"r":1,"bm":0,"nm":"Fill 1","mn":"ADBE Vector Graphic - Fill","hd":false},{"ty":"tr","p":{"a":0,"k":[108.7,263.775],"ix":2},"a":{"a":0,"k":[0,0],"ix":1},"s":{"a":0,"k":[100,100],"ix":3},"r":{"a":0,"k":0,"ix":6},"o":{"a":0,"k":100,"ix":7},"sk":{"a":0,"k":0,"ix":4},"sa":{"a":0,"k":0,"ix":5},"nm":"Transform"}],"nm":"Group 3","np":2,"cix":2,"bm":0,"ix":3,"mn":"ADBE Vector Group","hd":false},{"ty":"gr","it":[{"ind":0,"ty":"sh","ix":1,"ks":{"a":0,"k":{"i":[[0,0],[1.92,1.036],[2.07,-0.592],[0,0],[1.03,-1.924],[-0.59,-2.073],[0,0],[-3.7,0],[-0.74,0.148],[0,0],[-1.04,1.924],[0.59,2.072]],"o":[[-0.6,-2.22],[-1.93,-1.037],[0,0],[-2.22,0.592],[-1.04,1.925],[0,0],[1.04,3.701],[0.74,0],[0,0],[2.22,-0.592],[1.03,-1.925],[0,0]],"v":[[9.18,-13.473],[5.18,-18.505],[-1.19,-19.247],[-9.48,-16.878],[-14.51,-12.88],[-15.25,-6.513],[-9.33,13.768],[-1.19,19.839],[1.18,19.542],[9.47,17.174],[14.51,13.177],[15.25,6.81]],"c":true},"ix":2},"nm":"Path 1","mn":"ADBE Vector Shape - Group","hd":false},{"ty":"fl","c":{"a":0,"k":[1,0.442711474849,0.118584045709,1],"ix":4},"o":{"a":0,"k":100,"ix":5},"r":1,"bm":0,"nm":"Fill 1","mn":"ADBE Vector Graphic - Fill","hd":false},{"ty":"tr","p":{"a":0,"k":[108.63,24.086],"ix":2},"a":{"a":0,"k":[0,0],"ix":1},"s":{"a":0,"k":[100,100],"ix":3},"r":{"a":0,"k":0,"ix":6},"o":{"a":0,"k":100,"ix":7},"sk":{"a":0,"k":0,"ix":4},"sa":{"a":0,"k":0,"ix":5},"nm":"Transform"}],"nm":"Group 4","np":2,"cix":2,"bm":0,"ix":4,"mn":"ADBE Vector Group","hd":false},{"ty":"gr","it":[{"ind":0,"ty":"sh","ix":1,"ks":{"a":0,"k":{"i":[[4.59,0],[0,0],[0,-4.738],[0,0],[-4.74,0],[0,0],[0,4.738],[0,0]],"o":[[0,0],[-4.59,0],[0,0],[0,4.59],[0,0],[4.59,0],[0,0],[0,-4.59]],"v":[[4.3,-19.024],[-4.29,-19.024],[-12.73,-10.585],[-12.73,10.585],[-4.29,19.024],[4.3,19.024],[12.73,10.585],[12.73,-10.585]],"c":true},"ix":2},"nm":"Path 1","mn":"ADBE Vector Shape - Group","hd":false},{"ty":"fl","c":{"a":0,"k":[1,0.442711474849,0.118584045709,1],"ix":4},"o":{"a":0,"k":100,"ix":5},"r":1,"bm":0,"nm":"Fill 1","mn":"ADBE Vector Graphic - Fill","hd":false},{"ty":"tr","p":{"a":0,"k":[143.86,19.274],"ix":2},"a":{"a":0,"k":[0,0],"ix":1},"s":{"a":0,"k":[100,100],"ix":3},"r":{"a":0,"k":0,"ix":6},"o":{"a":0,"k":100,"ix":7},"sk":{"a":0,"k":0,"ix":4},"sa":{"a":0,"k":0,"ix":5},"nm":"Transform"}],"nm":"Group 5","np":2,"cix":2,"bm":0,"ix":5,"mn":"ADBE Vector Group","hd":false},{"ty":"gr","it":[{"ind":0,"ty":"sh","ix":1,"ks":{"a":0,"k":{"i":[[0.59,2.22],[1.92,1.332],[0,0],[2.37,-3.849],[0,0],[-3.84,-2.369],[0,0],[-1.63,0],[-0.6,0.148],[-1.33,1.925],[0,0]],"o":[[-0.44,-2.221],[0,0],[-3.85,-2.516],[0,0],[-2.52,3.849],[0,0],[1.33,0.888],[0.59,0],[2.22,-0.445],[0,0],[1.19,-1.777]],"v":[[17.915,-7.699],[14.215,-13.028],[6.965,-17.618],[-4.585,-15.101],[-15.985,2.664],[-13.475,14.212],[-6.215,18.801],[-1.625,20.134],[0.155,19.987],[5.475,16.284],[16.875,-1.48]],"c":true},"ix":2},"nm":"Path 1","mn":"ADBE Vector Shape - Group","hd":false},{"ty":"fl","c":{"a":0,"k":[1,0.442711474849,0.118584045709,1],"ix":4},"o":{"a":0,"k":100,"ix":5},"r":1,"bm":0,"nm":"Fill 1","mn":"ADBE Vector Graphic - Fill","hd":false},{"ty":"tr","p":{"a":0,"k":[75.905,248.526],"ix":2},"a":{"a":0,"k":[0,0],"ix":1},"s":{"a":0,"k":[100,100],"ix":3},"r":{"a":0,"k":0,"ix":6},"o":{"a":0,"k":100,"ix":7},"sk":{"a":0,"k":0,"ix":4},"sa":{"a":0,"k":0,"ix":5},"nm":"Transform"}],"nm":"Group 6","np":2,"cix":2,"bm":0,"ix":6,"mn":"ADBE Vector Group","hd":false},{"ty":"gr","it":[{"ind":0,"ty":"sh","ix":1,"ks":{"a":0,"k":{"i":[[-4.45,-1.332],[0,0],[-0.74,0],[-1.19,3.701],[0,0],[1.18,1.924],[2.22,0.592],[0,0],[1.92,-1.185],[0.59,-2.22],[0,0]],"o":[[0,0],[0.74,0.296],[3.7,0],[0,0],[0.59,-2.221],[-1.04,-1.925],[0,0],[-2.23,-0.592],[-1.93,1.036],[0,0],[-1.33,4.441]],"v":[[-9.175,17.173],[-0.885,19.542],[1.485,19.839],[9.625,13.768],[15.545,-6.513],[14.805,-12.88],[9.775,-16.878],[1.485,-19.247],[-4.885,-18.505],[-8.885,-13.473],[-14.805,6.81]],"c":true},"ix":2},"nm":"Path 1","mn":"ADBE Vector Shape - Group","hd":false},{"ty":"fl","c":{"a":0,"k":[1,0.442711474849,0.118584045709,1],"ix":4},"o":{"a":0,"k":100,"ix":5},"r":1,"bm":0,"nm":"Fill 1","mn":"ADBE Vector Graphic - Fill","hd":false},{"ty":"tr","p":{"a":0,"k":[178.655,24.086],"ix":2},"a":{"a":0,"k":[0,0],"ix":1},"s":{"a":0,"k":[100,100],"ix":3},"r":{"a":0,"k":0,"ix":6},"o":{"a":0,"k":100,"ix":7},"sk":{"a":0,"k":0,"ix":4},"sa":{"a":0,"k":0,"ix":5},"nm":"Transform"}],"nm":"Group 7","np":2,"cix":2,"bm":0,"ix":7,"mn":"ADBE Vector Group","hd":false},{"ty":"gr","it":[{"ind":0,"ty":"sh","ix":1,"ks":{"a":0,"k":{"i":[[4.14,1.925],[0,0],[1.92,-4.146],[0,0],[-4.15,-1.925],[0,0],[-1.04,0],[-1.48,3.109],[0,0]],"o":[[0,0],[-4.15,-1.925],[0,0],[-1.92,4.146],[0,0],[1.19,0.444],[3.26,0],[0,0],[1.93,-4.293]],"v":[[14.88,-6.589],[-4.37,-15.322],[-15.47,-11.178],[-19.03,-3.332],[-14.88,7.772],[4.36,16.507],[7.77,17.248],[15.47,12.361],[19.02,4.515]],"c":true},"ix":2},"nm":"Path 1","mn":"ADBE Vector Shape - Group","hd":false},{"ty":"fl","c":{"a":0,"k":[1,0.442711474849,0.118584045709,1],"ix":4},"o":{"a":0,"k":100,"ix":5},"r":1,"bm":0,"nm":"Fill 1","mn":"ADBE Vector Graphic - Fill","hd":false},{"ty":"tr","p":{"a":0,"k":[257.49,195.452],"ix":2},"a":{"a":0,"k":[0,0],"ix":1},"s":{"a":0,"k":[100,100],"ix":3},"r":{"a":0,"k":0,"ix":6},"o":{"a":0,"k":100,"ix":7},"sk":{"a":0,"k":0,"ix":4},"sa":{"a":0,"k":0,"ix":5},"nm":"Transform"}],"nm":"Group 8","np":2,"cix":2,"bm":0,"ix":8,"mn":"ADBE Vector Group","hd":false},{"ty":"gr","it":[{"ind":0,"ty":"sh","ix":1,"ks":{"a":0,"k":{"i":[[4.44,0.592],[0,0],[0.59,-4.59],[0,0],[-1.33,-1.777],[-2.22,-0.296],[0,0],[-0.44,0],[-0.59,4.294],[0,0]],"o":[[0,0],[-4.58,-0.593],[0,0],[-0.3,2.22],[1.34,1.776],[0,0],[0.44,0],[4.15,0],[0,0],[0.59,-4.59]],"v":[[12.065,-10.881],[-8.815,-13.842],[-18.285,-6.736],[-19.465,1.851],[-17.845,8.069],[-12.365,11.326],[8.515,14.287],[9.695,14.435],[17.985,7.18],[19.175,-1.406]],"c":true},"ix":2},"nm":"Path 1","mn":"ADBE Vector Shape - Group","hd":false},{"ty":"fl","c":{"a":0,"k":[1,0.442711474849,0.118584045709,1],"ix":4},"o":{"a":0,"k":100,"ix":5},"r":1,"bm":0,"nm":"Fill 1","mn":"ADBE Vector Graphic - Fill","hd":false},{"ty":"tr","p":{"a":0,"k":[267.705,161.696],"ix":2},"a":{"a":0,"k":[0,0],"ix":1},"s":{"a":0,"k":[100,100],"ix":3},"r":{"a":0,"k":0,"ix":6},"o":{"a":0,"k":100,"ix":7},"sk":{"a":0,"k":0,"ix":4},"sa":{"a":0,"k":0,"ix":5},"nm":"Transform"}],"nm":"Group 9","np":2,"cix":2,"bm":0,"ix":9,"mn":"ADBE Vector Group","hd":false},{"ty":"gr","it":[{"ind":0,"ty":"sh","ix":1,"ks":{"a":0,"k":{"i":[[0,0],[3.85,-2.516],[0,0],[-2.52,-3.85],[0,0],[-2.22,-0.445],[-0.59,0],[-1.48,0.888],[0,0],[-0.45,2.221],[1.19,1.925]],"o":[[-2.52,-3.849],[0,0],[-3.85,2.517],[0,0],[1.18,1.925],[0.59,0.148],[1.63,0],[0,0],[1.92,-1.185],[0.44,-2.221],[0,0]],"v":[[5.335,-15.102],[-6.215,-17.618],[-13.475,-13.028],[-15.985,-1.48],[-4.585,16.284],[0.745,19.986],[2.515,20.134],[7.105,18.801],[14.365,14.212],[18.065,8.882],[16.875,2.516]],"c":true},"ix":2},"nm":"Path 1","mn":"ADBE Vector Shape - Group","hd":false},{"ty":"fl","c":{"a":0,"k":[1,0.442711474849,0.118584045709,1],"ix":4},"o":{"a":0,"k":100,"ix":5},"r":1,"bm":0,"nm":"Fill 1","mn":"ADBE Vector Graphic - Fill","hd":false},{"ty":"tr","p":{"a":0,"k":[211.075,248.527],"ix":2},"a":{"a":0,"k":[0,0],"ix":1},"s":{"a":0,"k":[100,100],"ix":3},"r":{"a":0,"k":0,"ix":6},"o":{"a":0,"k":100,"ix":7},"sk":{"a":0,"k":0,"ix":4},"sa":{"a":0,"k":0,"ix":5},"nm":"Transform"}],"nm":"Group 10","np":2,"cix":2,"bm":0,"ix":10,"mn":"ADBE Vector Group","hd":false},{"ty":"gr","it":[{"ind":0,"ty":"sh","ix":1,"ks":{"a":0,"k":{"i":[[0,0],[1.92,1.036],[2.08,-0.593],[0,0],[-1.34,-4.442],[0,0],[-3.7,0],[-0.74,0.148],[0,0],[-1.03,1.925],[0.6,2.073]],"o":[[-0.6,-2.22],[-1.93,-1.037],[0,0],[-4.44,1.333],[0,0],[1.03,3.701],[0.74,0],[0,0],[2.22,-0.592],[1.04,-1.925],[0,0]],"v":[[9.405,-13.473],[5.405,-18.505],[-0.965,-19.245],[-9.255,-16.878],[-14.875,-6.513],[-8.955,13.769],[-0.815,19.839],[1.555,19.543],[9.845,17.174],[14.875,13.177],[15.615,6.811]],"c":true},"ix":2},"nm":"Path 1","mn":"ADBE Vector Shape - Group","hd":false},{"ty":"fl","c":{"a":0,"k":[1,0.442711474849,0.118584045709,1],"ix":4},"o":{"a":0,"k":100,"ix":5},"r":1,"bm":0,"nm":"Fill 1","mn":"ADBE Vector Graphic - Fill","hd":false},{"ty":"tr","p":{"a":0,"k":[178.875,263.775],"ix":2},"a":{"a":0,"k":[0,0],"ix":1},"s":{"a":0,"k":[100,100],"ix":3},"r":{"a":0,"k":0,"ix":6},"o":{"a":0,"k":100,"ix":7},"sk":{"a":0,"k":0,"ix":4},"sa":{"a":0,"k":0,"ix":5},"nm":"Transform"}],"nm":"Group 11","np":2,"cix":2,"bm":0,"ix":11,"mn":"ADBE Vector Group","hd":false},{"ty":"gr","it":[{"ind":0,"ty":"sh","ix":1,"ks":{"a":0,"k":{"i":[[3.56,2.961],[0,0],[2.96,-3.553],[0,0],[-3.55,-2.961],[0,0],[-2.07,0],[0,0],[-1.48,1.629],[0,0]],"o":[[0,0],[-3.55,-3.109],[0,0],[-3.1,3.553],[0,0],[1.48,1.332],[0,0],[2.22,-0.148],[0,0],[3.11,-3.701]],"v":[[16.28,-2.221],[0.29,-15.989],[-11.55,-15.101],[-17.18,-8.587],[-16.29,3.257],[-0.3,17.026],[5.18,19.098],[5.77,19.098],[11.55,16.285],[17.17,9.771]],"c":true},"ix":2},"nm":"Path 1","mn":"ADBE Vector Shape - Group","hd":false},{"ty":"fl","c":{"a":0,"k":[1,0.442711474849,0.118584045709,1],"ix":4},"o":{"a":0,"k":100,"ix":5},"r":1,"bm":0,"nm":"Fill 1","mn":"ADBE Vector Graphic - Fill","hd":false},{"ty":"tr","p":{"a":0,"k":[238.17,225.43],"ix":2},"a":{"a":0,"k":[0,0],"ix":1},"s":{"a":0,"k":[100,100],"ix":3},"r":{"a":0,"k":0,"ix":6},"o":{"a":0,"k":100,"ix":7},"sk":{"a":0,"k":0,"ix":4},"sa":{"a":0,"k":0,"ix":5},"nm":"Transform"}],"nm":"Group 12","np":2,"cix":2,"bm":0,"ix":12,"mn":"ADBE Vector Group","hd":false},{"ty":"gr","it":[{"ind":0,"ty":"sh","ix":1,"ks":{"a":0,"k":{"i":[[-3.85,-2.516],[0,0],[-1.63,0],[-1.63,2.517],[0,0],[0.44,2.221],[1.92,1.332],[0,0],[2.22,-0.444],[1.18,-1.925],[0,0]],"o":[[0,0],[1.33,0.888],[2.81,0],[0,0],[1.18,-1.924],[-0.44,-2.22],[0,0],[-1.92,-1.184],[-2.22,0.444],[0,0],[-2.52,3.997]],"v":[[-13.465,13.842],[-6.215,18.432],[-1.625,19.764],[5.485,15.915],[16.885,-1.851],[18.065,-8.217],[14.365,-13.546],[7.105,-18.136],[0.745,-19.32],[-4.585,-15.619],[-15.985,2.147]],"c":true},"ix":2},"nm":"Path 1","mn":"ADBE Vector Shape - Group","hd":false},{"ty":"fl","c":{"a":0,"k":[1,0.442711474849,0.118584045709,1],"ix":4},"o":{"a":0,"k":100,"ix":5},"r":1,"bm":0,"nm":"Fill 1","mn":"ADBE Vector Graphic - Fill","hd":false},{"ty":"tr","p":{"a":0,"k":[210.925,38.816],"ix":2},"a":{"a":0,"k":[0,0],"ix":1},"s":{"a":0,"k":[100,100],"ix":3},"r":{"a":0,"k":0,"ix":6},"o":{"a":0,"k":100,"ix":7},"sk":{"a":0,"k":0,"ix":4},"sa":{"a":0,"k":0,"ix":5},"nm":"Transform"}],"nm":"Group 13","np":2,"cix":2,"bm":0,"ix":13,"mn":"ADBE Vector Group","hd":false},{"ty":"gr","it":[{"ind":0,"ty":"sh","ix":1,"ks":{"a":0,"k":{"i":[[0.15,-2.221],[-1.48,-1.629],[0,0],[-2.22,-0.148],[0,0],[-1.48,1.333],[0,0],[2.96,3.553],[0,0],[3.55,-2.961],[0,0]],"o":[[-0.15,2.221],[0,0],[1.48,1.629],[0,0],[2.07,0],[0,0],[3.56,-2.961],[0,0],[-2.96,-3.553],[0,0],[-1.77,1.629]],"v":[[-19.615,3.627],[-17.545,9.697],[-11.915,16.211],[-6.145,19.024],[-5.545,19.024],[-0.075,16.951],[15.915,3.183],[16.805,-8.661],[11.175,-15.175],[-0.665,-16.063],[-16.655,-2.295]],"c":true},"ix":2},"nm":"Path 1","mn":"ADBE Vector Shape - Group","hd":false},{"ty":"fl","c":{"a":0,"k":[1,0.442711474849,0.118584045709,1],"ix":4},"o":{"a":0,"k":100,"ix":5},"r":1,"bm":0,"nm":"Fill 1","mn":"ADBE Vector Graphic - Fill","hd":false},{"ty":"tr","p":{"a":0,"k":[238.685,61.765],"ix":2},"a":{"a":0,"k":[0,0],"ix":1},"s":{"a":0,"k":[100,100],"ix":3},"r":{"a":0,"k":0,"ix":6},"o":{"a":0,"k":100,"ix":7},"sk":{"a":0,"k":0,"ix":4},"sa":{"a":0,"k":0,"ix":5},"nm":"Transform"}],"nm":"Group 14","np":2,"cix":2,"bm":0,"ix":14,"mn":"ADBE Vector Group","hd":false},{"ty":"gr","it":[{"ind":0,"ty":"sh","ix":1,"ks":{"a":0,"k":{"i":[[0,0],[-2.22,-0.444],[-0.6,0],[-1.48,0.889],[0,0],[2.51,3.849],[0,0],[3.85,-2.517],[0,0],[0.45,-2.221],[-1.19,-1.925]],"o":[[1.18,1.924],[0.59,0.148],[1.63,0],[0,0],[3.85,-2.517],[0,0],[-2.52,-3.849],[0,0],[-1.93,1.184],[-0.44,2.221],[0,0]],"v":[[-5.55,16.285],[-0.22,19.987],[1.56,20.135],[6.15,18.802],[13.4,14.212],[15.92,2.664],[4.52,-15.102],[-7.03,-17.617],[-14.28,-13.029],[-17.99,-7.698],[-16.8,-1.333]],"c":true},"ix":2},"nm":"Path 1","mn":"ADBE Vector Shape - Group","hd":false},{"ty":"fl","c":{"a":0,"k":[1,0.442711474849,0.118584045709,1],"ix":4},"o":{"a":0,"k":100,"ix":5},"r":1,"bm":0,"nm":"Fill 1","mn":"ADBE Vector Graphic - Fill","hd":false},{"ty":"tr","p":{"a":0,"k":[76.87,38.595],"ix":2},"a":{"a":0,"k":[0,0],"ix":1},"s":{"a":0,"k":[100,100],"ix":3},"r":{"a":0,"k":0,"ix":6},"o":{"a":0,"k":100,"ix":7},"sk":{"a":0,"k":0,"ix":4},"sa":{"a":0,"k":0,"ix":5},"nm":"Transform"}],"nm":"Group 15","np":2,"cix":2,"bm":0,"ix":15,"mn":"ADBE Vector Group","hd":false},{"ty":"gr","it":[{"ind":0,"ty":"sh","ix":1,"ks":{"a":0,"k":{"i":[[0.74,-2.073],[-1.03,-1.925],[0,0],[-3.26,0],[-1.04,0.444],[0,0],[-0.89,2.073],[1.04,1.925],[0,0],[2.07,0.888],[1.92,-1.036],[0,0]],"o":[[-0.74,2.072],[0,0],[1.48,3.109],[1.18,0],[0,0],[2.07,-0.889],[0.74,-2.072],[0,0],[-0.89,-2.073],[-2.07,-0.74],[0,0],[-2.07,0.888]],"v":[[-19.32,-2.295],[-19.03,4.072],[-15.47,11.918],[-7.77,16.803],[-4.37,16.064],[14.88,7.329],[19.32,2.59],[19.02,-3.775],[15.47,-11.621],[10.73,-16.064],[4.37,-15.767],[-14.88,-7.033]],"c":true},"ix":2},"nm":"Path 1","mn":"ADBE Vector Shape - Group","hd":false},{"ty":"fl","c":{"a":0,"k":[1,0.442711474849,0.118584045709,1],"ix":4},"o":{"a":0,"k":100,"ix":5},"r":1,"bm":0,"nm":"Fill 1","mn":"ADBE Vector Graphic - Fill","hd":false},{"ty":"tr","p":{"a":0,"k":[257.49,92.114],"ix":2},"a":{"a":0,"k":[0,0],"ix":1},"s":{"a":0,"k":[100,100],"ix":3},"r":{"a":0,"k":0,"ix":6},"o":{"a":0,"k":100,"ix":7},"sk":{"a":0,"k":0,"ix":4},"sa":{"a":0,"k":0,"ix":5},"nm":"Transform"}],"nm":"Group 16","np":2,"cix":2,"bm":0,"ix":16,"mn":"ADBE Vector Group","hd":false},{"ty":"gr","it":[{"ind":0,"ty":"sh","ix":1,"ks":{"a":0,"k":{"i":[[4.59,-0.74],[0,0],[-0.74,-4.589],[0,0],[-1.78,-1.333],[-1.77,0],[-0.45,0.148],[0,0],[-1.33,1.777],[0.29,2.221],[0,0]],"o":[[0,0],[-4.59,0.592],[0,0],[0.3,2.221],[1.48,1.036],[0.45,0],[0,0],[2.22,-0.296],[1.33,-1.776],[0,0],[-0.59,-4.441]],"v":[[8.885,-13.695],[-11.995,-10.733],[-19.095,-1.258],[-17.915,7.328],[-14.655,12.807],[-9.625,14.435],[-8.435,14.286],[12.435,11.326],[17.915,8.068],[19.545,1.851],[18.355,-6.737]],"c":true},"ix":2},"nm":"Path 1","mn":"ADBE Vector Shape - Group","hd":false},{"ty":"fl","c":{"a":0,"k":[1,0.442711474849,0.118584045709,1],"ix":4},"o":{"a":0,"k":100,"ix":5},"r":1,"bm":0,"nm":"Fill 1","mn":"ADBE Vector Graphic - Fill","hd":false},{"ty":"tr","p":{"a":0,"k":[267.185,126.016],"ix":2},"a":{"a":0,"k":[0,0],"ix":1},"s":{"a":0,"k":[100,100],"ix":3},"r":{"a":0,"k":0,"ix":6},"o":{"a":0,"k":100,"ix":7},"sk":{"a":0,"k":0,"ix":4},"sa":{"a":0,"k":0,"ix":5},"nm":"Transform"}],"nm":"Group 17","np":2,"cix":2,"bm":0,"ix":17,"mn":"ADBE Vector Group","hd":false},{"ty":"gr","it":[{"ind":0,"ty":"sh","ix":1,"ks":{"a":0,"k":{"i":[[1.92,4.293],[0,0],[4.15,-1.924],[0,0],[-1.93,-4.146],[0,0],[-2.07,-0.889],[-1.04,0],[-1.18,0.445],[0,0]],"o":[[0,0],[-1.92,-4.145],[0,0],[-4.14,1.925],[0,0],[0.89,2.073],[0.89,0.296],[1.19,0],[0,0],[4.15,-1.925]],"v":[[19.03,-3.406],[15.47,-11.253],[4.37,-15.397],[-14.88,-6.663],[-19.02,4.441],[-15.47,12.288],[-10.73,16.729],[-7.77,17.322],[-4.22,16.58],[15.03,7.846]],"c":true},"ix":2},"nm":"Path 1","mn":"ADBE Vector Shape - Group","hd":false},{"ty":"fl","c":{"a":0,"k":[1,0.442711474849,0.118584045709,1],"ix":4},"o":{"a":0,"k":100,"ix":5},"r":1,"bm":0,"nm":"Fill 1","mn":"ADBE Vector Graphic - Fill","hd":false},{"ty":"tr","p":{"a":0,"k":[30.23,195.377],"ix":2},"a":{"a":0,"k":[0,0],"ix":1},"s":{"a":0,"k":[100,100],"ix":3},"r":{"a":0,"k":0,"ix":6},"o":{"a":0,"k":100,"ix":7},"sk":{"a":0,"k":0,"ix":4},"sa":{"a":0,"k":0,"ix":5},"nm":"Transform"}],"nm":"Group 18","np":2,"cix":2,"bm":0,"ix":18,"mn":"ADBE Vector Group","hd":false},{"ty":"gr","it":[{"ind":0,"ty":"sh","ix":1,"ks":{"a":0,"k":{"i":[[0,0],[-1.34,1.776],[0.29,2.22],[0,0],[1.78,1.333],[2.22,-0.297],[0,0],[-0.75,-4.59],[0,0],[-1.78,-1.332],[-1.78,0],[-0.44,0.148]],"o":[[2.22,-0.296],[1.33,-1.777],[0,0],[-0.29,-2.221],[-1.77,-1.332],[0,0],[-4.59,0.592],[0,0],[0.3,2.221],[1.48,1.036],[0.44,0],[0,0]],"v":[[12.44,11.252],[17.92,7.995],[19.55,1.777],[18.36,-6.81],[15.1,-12.288],[8.89,-13.916],[-11.99,-10.955],[-19.09,-1.48],[-17.91,7.106],[-14.65,12.584],[-9.62,14.213],[-8.44,14.065]],"c":true},"ix":2},"nm":"Path 1","mn":"ADBE Vector Shape - Group","hd":false},{"ty":"fl","c":{"a":0,"k":[1,0.442711474849,0.118584045709,1],"ix":4},"o":{"a":0,"k":100,"ix":5},"r":1,"bm":0,"nm":"Fill 1","mn":"ADBE Vector Graphic - Fill","hd":false},{"ty":"tr","p":{"a":0,"k":[20.09,161.769],"ix":2},"a":{"a":0,"k":[0,0],"ix":1},"s":{"a":0,"k":[100,100],"ix":3},"r":{"a":0,"k":0,"ix":6},"o":{"a":0,"k":100,"ix":7},"sk":{"a":0,"k":0,"ix":4},"sa":{"a":0,"k":0,"ix":5},"nm":"Transform"}],"nm":"Group 19","np":2,"cix":2,"bm":0,"ix":19,"mn":"ADBE Vector Group","hd":false},{"ty":"gr","it":[{"ind":0,"ty":"sh","ix":1,"ks":{"a":0,"k":{"i":[[-3.4,-3.109],[0,0],[-2.07,0],[0,0],[-1.48,1.628],[0,0],[3.55,2.961],[0,0],[2.96,-3.553],[0,0]],"o":[[0,0],[1.48,1.333],[0,0],[2.22,-0.148],[0,0],[2.96,-3.553],[0,0],[-3.55,-2.961],[0,0],[-2.96,3.257]],"v":[[-16.285,3.109],[-0.295,16.877],[5.185,18.95],[5.775,18.95],[11.545,16.137],[17.175,9.623],[16.285,-2.221],[0.295,-15.989],[-11.545,-15.101],[-17.175,-8.587]],"c":true},"ix":2},"nm":"Path 1","mn":"ADBE Vector Shape - Group","hd":false},{"ty":"fl","c":{"a":0,"k":[1,0.442711474849,0.118584045709,1],"ix":4},"o":{"a":0,"k":100,"ix":5},"r":1,"bm":0,"nm":"Fill 1","mn":"ADBE Vector Graphic - Fill","hd":false},{"ty":"tr","p":{"a":0,"k":[49.405,61.985],"ix":2},"a":{"a":0,"k":[0,0],"ix":1},"s":{"a":0,"k":[100,100],"ix":3},"r":{"a":0,"k":0,"ix":6},"o":{"a":0,"k":100,"ix":7},"sk":{"a":0,"k":0,"ix":4},"sa":{"a":0,"k":0,"ix":5},"nm":"Transform"}],"nm":"Group 20","np":2,"cix":2,"bm":0,"ix":20,"mn":"ADBE Vector Group","hd":false},{"ty":"gr","it":[{"ind":0,"ty":"sh","ix":1,"ks":{"a":0,"k":{"i":[[3.11,3.553],[0,0],[3.55,-2.961],[0,0],[0.15,-2.221],[-1.48,-1.629],[0,0],[-2.22,-0.148],[0,0],[-1.48,1.333],[0,0]],"o":[[0,0],[-2.96,-3.553],[0,0],[-1.63,1.48],[-0.15,2.221],[0,0],[1.48,1.628],[0,0],[2.08,0],[0,0],[3.4,-2.813]],"v":[[16.655,-8.587],[11.025,-15.101],[-0.815,-15.989],[-16.805,-2.221],[-19.615,3.553],[-17.545,9.623],[-11.915,16.137],[-6.145,18.95],[-5.555,18.95],[-0.075,16.877],[15.915,3.109]],"c":true},"ix":2},"nm":"Path 1","mn":"ADBE Vector Shape - Group","hd":false},{"ty":"fl","c":{"a":0,"k":[1,0.442711474849,0.118584045709,1],"ix":4},"o":{"a":0,"k":100,"ix":5},"r":1,"bm":0,"nm":"Fill 1","mn":"ADBE Vector Graphic - Fill","hd":false},{"ty":"tr","p":{"a":0,"k":[49.925,225.283],"ix":2},"a":{"a":0,"k":[0,0],"ix":1},"s":{"a":0,"k":[100,100],"ix":3},"r":{"a":0,"k":0,"ix":6},"o":{"a":0,"k":100,"ix":7},"sk":{"a":0,"k":0,"ix":4},"sa":{"a":0,"k":0,"ix":5},"nm":"Transform"}],"nm":"Group 21","np":2,"cix":2,"bm":0,"ix":21,"mn":"ADBE Vector Group","hd":false},{"ty":"gr","it":[{"ind":0,"ty":"sh","ix":1,"ks":{"a":0,"k":{"i":[[-2.23,-0.444],[0,0],[-0.44,0],[-1.48,1.036],[-0.29,2.221],[0,0],[1.33,1.776],[2.22,0.296],[0,0],[1.78,-1.332],[0.3,-2.221],[0,0],[-1.34,-1.777]],"o":[[0,0],[0.44,0],[1.78,0],[1.77,-1.332],[0,0],[0.3,-2.221],[-1.33,-1.777],[0,0],[-2.22,-0.297],[-1.78,1.333],[0,0],[-0.3,2.22],[1.33,1.628]],"v":[[-12.21,11.104],[8.66,14.065],[9.84,14.213],[14.88,12.584],[18.13,7.106],[19.32,-1.48],[17.69,-7.698],[12.21,-10.955],[-8.66,-13.916],[-14.88,-12.288],[-18.14,-6.81],[-19.32,1.777],[-17.69,7.995]],"c":true},"ix":2},"nm":"Path 1","mn":"ADBE Vector Shape - Group","hd":false},{"ty":"fl","c":{"a":0,"k":[1,0.442711474849,0.118584045709,1],"ix":4},"o":{"a":0,"k":100,"ix":5},"r":1,"bm":0,"nm":"Fill 1","mn":"ADBE Vector Graphic - Fill","hd":false},{"ty":"tr","p":{"a":0,"k":[20.17,126.387],"ix":2},"a":{"a":0,"k":[0,0],"ix":1},"s":{"a":0,"k":[100,100],"ix":3},"r":{"a":0,"k":0,"ix":6},"o":{"a":0,"k":100,"ix":7},"sk":{"a":0,"k":0,"ix":4},"sa":{"a":0,"k":0,"ix":5},"nm":"Transform"}],"nm":"Group 22","np":2,"cix":2,"bm":0,"ix":22,"mn":"ADBE Vector Group","hd":false},{"ty":"gr","it":[{"ind":0,"ty":"sh","ix":1,"ks":{"a":0,"k":{"i":[[-2.07,-0.888],[0,0],[-1.18,0],[-1.48,3.109],[0,0],[4.14,1.925],[0,0],[2.07,-0.741],[0.89,-2.073],[0,0],[-0.74,-2.073]],"o":[[0,0],[1.18,0.444],[3.26,0],[0,0],[1.93,-4.145],[0,0],[-2.07,-0.889],[-2.08,0.74],[0,0],[-0.89,2.072],[0.74,2.072]],"v":[[-15.475,7.328],[3.775,16.064],[7.325,16.803],[15.025,11.918],[18.575,4.072],[14.435,-7.033],[-4.815,-15.767],[-11.175,-16.063],[-15.915,-11.621],[-19.465,-3.775],[-19.765,2.591]],"c":true},"ix":2},"nm":"Path 1","mn":"ADBE Vector Shape - Group","hd":false},{"ty":"fl","c":{"a":0,"k":[1,0.442711474849,0.118584045709,1],"ix":4},"o":{"a":0,"k":100,"ix":5},"r":1,"bm":0,"nm":"Fill 1","mn":"ADBE Vector Graphic - Fill","hd":false},{"ty":"tr","p":{"a":0,"k":[30.825,92.113],"ix":2},"a":{"a":0,"k":[0,0],"ix":1},"s":{"a":0,"k":[100,100],"ix":3},"r":{"a":0,"k":0,"ix":6},"o":{"a":0,"k":100,"ix":7},"sk":{"a":0,"k":0,"ix":4},"sa":{"a":0,"k":0,"ix":5},"nm":"Transform"}],"nm":"Group 23","np":2,"cix":2,"bm":0,"ix":23,"mn":"ADBE Vector Group","hd":false},{"ty":"gr","it":[{"ind":0,"ty":"sh","ix":1,"ks":{"a":0,"k":{"i":[[-33.03,0],[0,33.032],[33.04,0],[0,-33.033]],"o":[[33.04,0],[0,-33.033],[-33.03,0],[0,33.032]],"v":[[0,59.811],[59.81,0.001],[0,-59.811],[-59.81,0.001]],"c":true},"ix":2},"nm":"Path 1","mn":"ADBE Vector Shape - Group","hd":false},{"ty":"st","c":{"a":0,"k":[0.263776861453,0.342777356914,0.686201387293,1],"ix":3},"o":{"a":0,"k":100,"ix":4},"w":{"a":0,"k":4.441,"ix":5},"lc":1,"lj":1,"ml":10,"bm":0,"nm":"Stroke 1","mn":"ADBE Vector Graphic - Stroke","hd":false},{"ty":"tr","p":{"a":0,"k":[143.86,144.151],"ix":2},"a":{"a":0,"k":[0,0],"ix":1},"s":{"a":0,"k":[100,100],"ix":3},"r":{"a":0,"k":0,"ix":6},"o":{"a":0,"k":100,"ix":7},"sk":{"a":0,"k":0,"ix":4},"sa":{"a":0,"k":0,"ix":5},"nm":"Transform"}],"nm":"Group 24","np":2,"cix":2,"bm":0,"ix":24,"mn":"ADBE Vector Group","hd":false},{"ty":"gr","it":[{"ind":0,"ty":"sh","ix":1,"ks":{"a":0,"k":{"i":[[24.87,0],[0,24.872],[-24.87,0],[0,-24.872]],"o":[[-24.87,0],[0,-24.872],[24.87,0],[0,24.872]],"v":[[0,45.302],[-45.15,0.148],[0,-45.006],[45.16,0.148]],"c":true},"ix":2},"nm":"Path 1","mn":"ADBE Vector Shape - Group","hd":false},{"ind":1,"ty":"sh","ix":2,"ks":{"a":0,"k":{"i":[[65.73,0],[0,-65.585],[-65.58,0],[0,65.585]],"o":[[-65.73,0],[0,65.733],[65.73,0],[0,-65.585]],"v":[[0,-118.883],[-118.88,0],[0,118.883],[118.88,0]],"c":true},"ix":2},"nm":"Path 2","mn":"ADBE Vector Shape - Group","hd":false},{"ty":"mm","mm":1,"nm":"Merge Paths 1","mn":"ADBE Vector Filter - Merge","hd":false},{"ty":"fl","c":{"a":0,"k":[1,0.442711474849,0.118584045709,1],"ix":4},"o":{"a":0,"k":100,"ix":5},"r":1,"bm":0,"nm":"Fill 1","mn":"ADBE Vector Graphic - Fill","hd":false},{"ty":"tr","p":{"a":0,"k":[143.86,144.004],"ix":2},"a":{"a":0,"k":[0,0],"ix":1},"s":{"a":0,"k":[100,100],"ix":3},"r":{"a":0,"k":0,"ix":6},"o":{"a":0,"k":100,"ix":7},"sk":{"a":0,"k":0,"ix":4},"sa":{"a":0,"k":0,"ix":5},"nm":"Transform"}],"nm":"Group 25","np":4,"cix":2,"bm":0,"ix":25,"mn":"ADBE Vector Group","hd":false}],"ip":0,"op":1800,"st":0,"bm":0},{"ddd":0,"ind":12,"ty":4,"nm":"Layer 27 Outlines","sr":1,"ks":{"o":{"a":0,"k":100,"ix":11},"r":{"a":1,"k":[{"i":{"x":[0.667],"y":[1]},"o":{"x":[0.333],"y":[0]},"t":0,"s":[0]},{"i":{"x":[0.667],"y":[1]},"o":{"x":[0.333],"y":[0]},"t":121,"s":[40]},{"t":240,"s":[0]}],"ix":10},"p":{"a":0,"k":[1510.675,525.572,0],"ix":2,"l":2},"a":{"a":0,"k":[146.075,146.077,0],"ix":1,"l":2},"s":{"a":0,"k":[100,100,100],"ix":6,"l":2}},"ao":0,"shapes":[{"ty":"gr","it":[{"ind":0,"ty":"sh","ix":1,"ks":{"a":0,"k":{"i":[[-45.79,0],[0,45.789],[45.79,0],[0,-45.788]],"o":[[45.79,0],[0,-45.788],[-45.79,0],[0,45.789]],"v":[[-0.005,82.906],[82.905,0],[-0.005,-82.906],[-82.905,0]],"c":true},"ix":2},"nm":"Path 1","mn":"ADBE Vector Shape - Group","hd":false},{"ty":"st","c":{"a":0,"k":[0.280324210373,0.552074417413,0.873607441023,1],"ix":3},"o":{"a":0,"k":100,"ix":4},"w":{"a":0,"k":4.441,"ix":5},"lc":2,"lj":2,"bm":0,"nm":"Stroke 1","mn":"ADBE Vector Graphic - Stroke","hd":false},{"ty":"tr","p":{"a":0,"k":[146.075,146.077],"ix":2},"a":{"a":0,"k":[0,0],"ix":1},"s":{"a":0,"k":[100,100],"ix":3},"r":{"a":0,"k":0,"ix":6},"o":{"a":0,"k":100,"ix":7},"sk":{"a":0,"k":0,"ix":4},"sa":{"a":0,"k":0,"ix":5},"nm":"Transform"}],"nm":"Group 1","np":2,"cix":2,"bm":0,"ix":1,"mn":"ADBE Vector Group","hd":false},{"ty":"gr","it":[{"ind":0,"ty":"sh","ix":1,"ks":{"a":0,"k":{"i":[[25.91,-1.628],[-1.93,31.386],[-25.91,1.628],[1.92,-31.387]],"o":[[-31.24,2.073],[1.62,-25.908],[31.24,-2.073],[-1.63,25.908]],"v":[[3.405,51.817],[-51.815,-3.405],[-3.405,-51.816],[51.815,3.406]],"c":true},"ix":2},"nm":"Path 1","mn":"ADBE Vector Shape - Group","hd":false},{"ind":1,"ty":"sh","ix":2,"ks":{"a":0,"k":{"i":[[10.51,0],[-11.99,11.992],[7.4,7.55],[0,0],[7.55,-7.402],[0,16.877],[10.51,0],[0,0],[0,-10.512],[11.99,11.992],[7.55,-7.402],[0,0],[-7.4,-7.55],[17.02,0],[0,-10.512],[0,0],[-10.52,0],[11.99,-11.992],[-7.4,-7.55],[0,0],[-7.55,7.402],[0,-17.025],[-10.51,0],[0,0],[0,10.512],[-11.99,-11.992],[-7.55,7.402],[0,0],[7.4,7.55],[-17.03,0],[0,10.512],[0,0]],"o":[[-16.88,0],[7.4,-7.402],[0,0],[-7.4,-7.402],[-12,11.844],[0,-10.512],[0,0],[-10.51,0],[0,16.877],[-7.4,-7.402],[0,0],[-7.4,7.402],[11.99,11.992],[-10.52,0],[0,0],[0,10.512],[16.87,0],[-7.4,7.402],[0,0],[7.4,7.402],[11.99,-11.992],[0,10.512],[0,0],[10.51,0],[0,-16.877],[7.41,7.402],[0,0],[7.4,-7.402],[-11.99,-11.992],[10.51,0],[0,0],[0,-10.512]],"v":[[126.725,-33.458],[113.255,-65.881],[113.255,-92.825],[92.675,-113.404],[65.735,-113.256],[33.455,-126.876],[14.505,-145.827],[-14.515,-145.827],[-33.465,-126.876],[-65.885,-113.404],[-92.825,-113.404],[-113.405,-92.825],[-113.405,-65.881],[-126.875,-33.458],[-145.825,-14.508],[-145.825,14.509],[-126.875,33.459],[-113.405,65.882],[-113.405,92.826],[-92.825,113.405],[-65.885,113.405],[-33.465,126.877],[-14.515,145.827],[14.505,145.827],[33.455,126.877],[65.875,113.405],[92.825,113.405],[113.405,92.826],[113.405,65.882],[126.875,33.459],[145.825,14.509],[145.825,-14.508]],"c":true},"ix":2},"nm":"Path 2","mn":"ADBE Vector Shape - Group","hd":false},{"ty":"mm","mm":1,"nm":"Merge Paths 1","mn":"ADBE Vector Filter - Merge","hd":false},{"ty":"fl","c":{"a":0,"k":[0.263776861453,0.342777356914,0.686201387293,1],"ix":4},"o":{"a":0,"k":100,"ix":5},"r":1,"bm":0,"nm":"Fill 1","mn":"ADBE Vector Graphic - Fill","hd":false},{"ty":"tr","p":{"a":0,"k":[146.075,146.077],"ix":2},"a":{"a":0,"k":[0,0],"ix":1},"s":{"a":0,"k":[100,100],"ix":3},"r":{"a":0,"k":0,"ix":6},"o":{"a":0,"k":100,"ix":7},"sk":{"a":0,"k":0,"ix":4},"sa":{"a":0,"k":0,"ix":5},"nm":"Transform"}],"nm":"Group 2","np":4,"cix":2,"bm":0,"ix":2,"mn":"ADBE Vector Group","hd":false}],"ip":0,"op":1800,"st":0,"bm":0}],"markers":[]}